Año;Vuelo;Resumen https://asn.flightsafety.org/wikibase/309118   https://www.ntsb.gov/Pages/AviationQueryv2.aspx;Avión;Víctimas
1954;781 de British Overseas Airways Corporation (ene) y 201 de South African Airways (abr);Ventanas Cuadradas. Después de que se recuperaran y analizaran fragmentos de los aviones siniestrados se encontró que, tal como se sospechaba, se trataba de un caso de fatiga del metal, un fenómeno poco conocido científicamente hasta ese momento. Hall sospechaba que esta era la causa de los desastres, pero debía demostrarlo con hechos. Para ello, se desmontó un De Havilland Comet y se construyó un tanque de agua alrededor del fuselaje, dejando las alas fuera, en el que el fuselaje quedó sumergido, para poder bombear agua a presión dentro del fuselaje y luego liberarla, mientras se sometían las alas a movimientos de abajo hacia arriba con pistones hidráulicos, todo esto para simular condiciones de vuelo y ciclos de presurización/despresurización de la cabina. Luego de un tiempo de someterse al fuselaje a este ajetreo, después de numerosos ciclos de presurización-despresurización, el fuselaje finalmente explotó en el tanque de agua, exponiendo claramente la falla, y se comprobó que el delgado metal del fuselaje alrededor de las ventanas rectangulares y grandes del Comet comenzaba a agrietarse y finalmente causaba una descompresión explosiva de la cabina y falla estructural catastrófica. Ahí se supo que la energía de la compresión fatigaba particularmente los ángulos rectos de las ventanillas, iniciándose allí las grietas, lo que llevó a la adopción de ventanillas de menor superficie y de forma oval, para evitar ángulos rectos y dispersar así la energía proveniente de la presurización. Nunca se ha sabido el por qué de Havilland utilizó aberturas rectangulares en el fuselaje del avión con mayor grado de presurización hasta la fecha. The Abell Committee (GB) focused on six potential aerodynamic and mechanical causes: control flutter (which had led to the loss of DH 108 prototypes), structural failure due to high loads or metal fatigue of the wing structure, failure of the powered flight controls, failure of the window panels leading to explosive decompression, or fire and other engine problems. The committee concluded that fire was the most likely cause of the problem, and changes were made to the aircraft to protect the engines and wings from damage that might lead to another fire.;Havilland DH-106 Comet;35 y 21
1963;214 de Pan Am;Rayo. Impacto de un rayo que encendió los vapores en uno de los tanques de combustible del avión, con un posible escape, causando una explosión que destruyó una de las alas. Generó también investigaciones sobre la seguridad de varios tipos de combustible de aviación y sobre métodos para reducir los vapores peligrosos en los tanques de combustible.;Boeing 707-121;81 de 81
1973;820 de Varig;Fuego. La causa del incendio había sido un cigarrillo mal apagado en uno de los baños minutos antes de aterrizar. Los sistemas del avión detectaron el humo, pero los tripulantes no lograron descubrir su origen y no tuvieron tiempo de actuar para combatir el fuego. Además, no contaban con las herramientas necesarias para apagar un incendio ni evitar la propagación del humo, lleno de monóxido de carbono. Hubo que esperar hasta el 1989 para que una empresa aérea, Northwest Airlines, lo prohíbiera. Y no fue por motivos de salud o seguridad, sino porque cayó en la cuenta de que se ganaba 10 minutos en las escalas si la tripulación no debía vaciar los ceniceros.;Boeing 707-345C;123 de 134
1985;123 de Japan Airlines;Reparación. Incidente en Itami 1978 la cola tocó tierra en el momento del aterrizaje, lo que dañó el mamparo de presión trasero. La reparación no cumplió los estándares de Boeing. Debían colocar una placa doble con dos hileras de remaches para cubrir el mamparo dañado, pero los ingenieros lo repararon usando dos placas, una con 2 hileras de remaches y otra con solo una hilera sencilla. Esto redujo la resistencia a la fatiga de las partes en un 70%. Boeing calculó que esta incorrecta instalación le permitiría efectuar al avión solo 10 000 despegues. Sin embargo, el avión había completado ya 12.319 despegues (7 años) después de la reparación y antes del fatal accidente.;Boeing 747-SR46;520 de 524
1988;243 de Aloha Airlines;Brecha. Al alcanzar la altitud de crucero sufrió una descompresión explosiva que provocó que parte del techo de la cabina se desprendiera, obligando al piloto a realizar un aterrizaje de emergencia. La jefa de cabina salió expulsada fuera del aparato en el acto. El avión venía con una vida útil del casco calculada por el fabricante en alrededor de 75.000 vuelos y se comprobó que esta aeronave llevaba 89.680 vuelos, creando fracturas en los paneles superiores de la sección delantera fatiga del metal.;Boeing 737-200;1 de 95
1989;232 de United Airlines;3 hidráulicos. En pleno vuelo el motor número 2 (montado en la cola) sufrió una explosión que destruyó los tres sistemas hidráulicos del avión. En estas condiciones y sin controles de vuelo, salvo los mandos de gases de los dos motores restantes, los pilotos pudieron controlar el avión varios minutos con las palancas de potencia hasta llegar al aeropuerto donde se estrelló durante un aterrizaje de emergencia en la pista en Sioux City (Iowa).;McDonnell Douglas DC-10-10;112 de 296
1989;254 de Varig;Ruta. El equipo introdujo una ruta incorrecta en la computadora de vuelo. En lugar de volar hacia su destino 029, el avión voló hacia el oeste 290 hacia un área remota de la selva amazónica. Finalmente se quedó sin combustible. El piloto hizo un aterrizaje de panza en la selva. 2 días para rescate. Posible distracción por escuchar partido de futbol Brasil Chile.;Boeing 737-241;13 de 54
1990;5390 de British Airways;Ventana. El piloto Tim Lancaster fue succionado fuera del avión tras la caída de su ventana y sobrevivió porque lo agarraron de los pies. El personal de mantenimiento cambió el parabrisas, algunos tornillos nuevos y otros de una revisión cuatro años antes, calibre correcto pero 2.5 mm más cortos (A211-7D) y otros de longitud correcta pero de calibre 0.65 mm inferior (A211-8C) a los especificados por el fabricante (A211-8D). El operario que realizó la sustitución se limitó a poner los mismos tornillos asumiendo incorrectamente que los que tenía puestos eran los adecuados. En este nuevo cambio, además, no se respetó el torque especificado. Pero dadas las condiciones de trabajo (era de madrugada, estaba oscuro y hacia frío en el taller), al técnico que realizó la reparación no le fue posible notar la diferencia.;BAC 1-11;0 de 87, 5 meses recup
1990;143 de Philippine Airlines;EWIS Explosión del tanque central de combustible cuando estaba siendo remolcado, no se encontró la fuente pero habían daños por rayos y cables en mal estado en el sistema de indicación de combustible. Temperatura exterior 35° con A/C funcionando por 45 minutos, tanque central vacío desde hacía 2 meses con vapores de combustible, explosión levanta el piso de cabina, rompe tanques de alas, incendio general. Chafing en cableado del flotador sensor de nivel del tanque, cables logo lights pasaron por los sellos de vapor del tanque, AC genera calor sobre los tanques. ;Boeing 737-300;8 de 120
1991;2574 de Continental Express;TURNO Botas deshieladoras. Los pernos se habían retirado del estabilizador horizontal durante el mantenimiento de la noche antes del accidente y, tras un cambio de turno, los tornillos no fueron reemplazados. El avión se estrelló en su segundo vuelo del día. La NTSB citó el fracaso de la línea aérea, al dejar que su personal de mantenimiento e inspección no realizara un mantenimiento adecuado y no siguiera los procedimientos de garantía de calidad. se desintegró en vuelo durante el descenso. El estabilizador horizontal, o parte superior de la cola tipo T, se había separado del fuselaje antes del impacto. El examen reveló la falta de los 47 tornillos de fijación que habrían fijado la superficie superior del conjunto del borde de ataque del lado izquierdo del estabilizador horizontal. Estos tornillos se habían retirado la noche anterior durante el mantenimiento programado. La Junta Nacional de Seguridad en el Transporte (NTSB) determinó que la causa probable del accidente fue la falta de cumplimiento por parte del personal de mantenimiento e inspección de Continental Express de los procedimientos adecuados de mantenimiento y control de calidad de las botas de deshielo del estabilizador horizontal del avión, lo que provocó la pérdida repentina en vuelo del borde de ataque izquierdo del estabilizador horizontal, parcialmente asegurado, y el grave cabeceo inmediato y la rotura del avión.;Embraer EMB 120 Brasilia;14 de 14
1992;671 de Trans Air Service;NDT. Experimentó una separación en vuelo de dos motores en su ala derecha. A pesar de los daños sufridos por la aeronave, los pilotos pudieron realizar un aterrizaje de emergencia en la base aérea de Istres-Le Tubé en Istres, Francia. Los cinco ocupantes de la aeronave sobrevivieron, sin embargo, la aeronave sufrió daños irreparables debido a un incendio en el ala derecha. Grietas en pilones por fatiga. A ~1 hora de vuelo, motor #3 (inboard derecho) se separó del ala por fractura por fatiga del pilón superior delantero (mid?spar fitting). El motor suelto impactó el motor #4 (outboard), arrancándolo también. Fatiga del metal en el pilón del motor #3: grieta subsuperficial en el fitting superior delantero, no detectable con inspecciones visuales. Se implementó Ultrasonido.;Boeing 707;0 de 5
1996;603 de Aeroperú;Cinta pitot. Falla de varios instrumentos del avión, entre ellos el altímetro y velocímetro. Con los pilotos volando en medio de la noche y desconociendo su verdadera altitud y velocidad, de repente el ala izquierda del avión impacta en el mar y este se estrella segundos después. La causa de la falla fue el error de uno de los trabajadores de mantenimiento al no quitar la cinta adhesiva que estaba cubriendo los puertos estáticos del avión, necesarios para suministrar la información correcta a los instrumentos de la cabina. Todos los 61 pasajeros y 9 tripulantes del avión murieron.;Boeing 757-23A;70 de 70
1996;800 de Trans World Airlines;Explosión de tanque. Rotura en vuelo debido a la explosión del tanque de combustible central, debido a un cortocircuito eléctrico producido por cables de alimentación de una bomba de gasolina, que habría entonces incendiado vapores de queroseno en el tanque a través de los cables del sensor de nivel de combustible.;Boeing 737-100;230 de 230
1996;301 de Birgenair;Avispa. Los tubos Pitot estaban bloqueados por nidos de avispas. La obstrucción impidió que los sistemas de la aeronave midieran correctamente la velocidad del aire, desorientación de la tripulación. Los pilotos intentaron corregir lo que creían que era una pérdida de velocidad, pero en realidad la velocidad era demasiado alta, lo que resultó en una caída en picada y el accidente del avión en el océano.;Boeing 757-200;189 de 189
1998;111 de Swissair;EWIS Fuego. La aeronave se incendió en vuelo y se estrelló en el océano Atlántico, al suroeste del Aeropuerto Internacional de Halifax, en la entrada a la bahía de Santa Margarita (Nueva Escocia, Canadá). Se descubrió que el fuego tuvo su inicio en un cable defectuoso, perteneciente a los televisores individuales del sistema de entretenimiento para el uso y disfrute de la primera clase, los cables estaban cubiertos por un material inflamable y éste fue el combustible que alimentó el incendio. El fuego avanzó y fue cortando la energía de todo lo eléctrico del avión, incluyendo las cajas negras.;McDonnell Douglas MD-11;229 de 229
2000;261 de Alaska Airlines;Bloqueo. Antes del impacto contra el mar, los pilotos intentaron invertir el avión para compensar el bloqueo del elevador en posición de descenso, aunque la maniobra no dio resultado. Alaska Airlines extendió el intervalo de lubricación y aprobación de la FAA de la prórroga, que aumentó la probabilidad de que una lubricación deficiente daría como resultado un desgaste excesivo de la rosca de la tuerca acme. Final extendido del intervalo de comprobación y aprobación de la FAA de la prórroga, que permitió el desgaste excesivo de la tuerca acme y del enroscado de la misma sin oportunidad alguna de ser detectado. La falta en el MD-83 de un mecanismo de seguridad para evitar los efectos de la pérdida total de la tuerca acme.;McDonnell Douglas MD-83;88 de 88
2000;4590 de Air France;Fuego. Un DC-10 de Continental Airlines perdió una banda de titanio de unos 3 cm de ancho y 43 cm de largo durante el despegue desde el aeropuerto Charles de Gaulle. El Concorde pasó sobre la pieza y rompió el neumático de la rueda 2 que explotó. Una parte del neumático (de unos 4,5 kg) golpeó la parte baja del ala izquierda del avión a 323 km/h. Este impacto envió una onda de presión que finalmente rompería desde dentro el depósito de combustible número 5 en su punto más débil, justo encima del tren de aterrizaje. El combustible contenido en ese depósito comenzó a derramarse sobre el ala, entrando en llamas en los segundos posteriores, ignición por un arco eléctrico o por el contacto con las secciones calientes del motor. El avión cayó sobre un hotel cercano.;Concorde;109 de 109
2001;686 de Scandinavian Airlines;Colisión Italia. La Cessna Citation fue autorizada a rodar desde la platafórma oeste por la calle de rodadura norte (calle R5), y a continuación desde la plataforma norte a la calle de rodadura principal que discurre paralela a la pista principal, una ruta que mantendría al avión alejado de pista. En lugar de esto, el piloto circuló por la calle de rodadura sur (calle de rodadura R6), cruzó la pista y rodó por la calle de rodadura principal hasta dejarla tras de si. El MD-87 de SAS recibió autorización de un controlador distinto para despegar de la pista 36R. 53 segundos más tarde, el avión de SAS, en carrera a unos 270 kilómetros por hora (146 ns), colisionó con la Cessna. Las cuatro personas que viajaban a bordo de la Cessna murieron en el impacto. El MD-87 perdió el motor derecho, el piloto intentó despegar, pero se estrelló contra un hangar de mantenimiento.;McDonnell Douglas MD-87;114 de 114
2002;9XR-RB de Ocean Airlines;Rayo Rwanda. Durante la aproximación a una altitud de 2.500 pies, el avión fue alcanzado por un rayo. La tripulación decidió iniciar un procedimiento de aproximación frustrada, pero el sistema eléctrico falló parcialmente debido al rayo y tanto las brújulas giroscópicas como los horizontes artificiales fallaron. Se perdió el control y el avión se estrelló en una zona boscosa situada a pocos kilómetros del aeropuerto.;L-410NG;1 de 16
2002;2937 de Bashkirian Airlines;Colisión TCAS. El accidente se produjo por sobrecarga de trabajo del controlador aéreo de Skyguide, las instrucciones contradictorias entre el controlador y el TCAS equipado en los aviones. Los aviones involucrados en el accidente hicieron descensos previos al choque, debido a las advertencias de descenso provenían de diversas fuentes: mientras el avión de Bashkirian Airlines tenía una orden enviada por el controlador en tierra de descender de su nivel de vuelo FL360 (11 000 metros) a FL350 (10 700 metros aprox), el vuelo de DHL recibió la orden del sistema TCAS de hacer el mismo descenso al mismo nivel de vuelo.;Túpolev Tu-154M;71 de 71
2002;611 de China Airlines;Reparación. Se desintegró en el aire y se estrelló en el estrecho de Taiwán tan sólo veinte minutos después del despegue, matando a las 225 personas que viajaban a bordo. La causa del accidente fue una reparación inadecuada del avión veintidós años atrás. Durante un vuelo 1980 sufrió un golpe de cola mientras aterrizaba en Hong Kong, la reparación permanente del golpe de la cola no fue llevado a cabo de acuerdo al Manual de Reparaciones Estructural de Boeing (SRM). La zona de carenado dañado en la Sección 46 no fue suprimido y la reparación con doblador que se supone que cubría con creces el 30% de la zona dañada no era lo suficientemente extensa como para garantizar la restauración de la resistencia estructural. En consecuencia, tras repetidos ciclos de despresurización y presurización durante el vuelo, el cono de cola dañado comenzó a romperse gradualmente y finalmente se rompió en vuelo el 25 de mayo de 2002.;Boeing 747-209B;225 de 225
2004;3701 de Pinnacle Airlines;"Coffin Corner. Los investigadores determinaron que los dos pilotos estaban explorando los límites de desempeño del Bombardier CRJ-200 vacío en el vuelo. Los pilotos decidieron probar los límites del CRJ y unirse al ""club 410"", refiriéndose a los pilotos que llevaron los CRJ a su altitud máxima aprobada de nivel de vuelo 41 000 pies (12 497 m) sobre el nivel del mar. La secuencia del accidente comenzó cuando los pilotos realizaron varias maniobras no estándar a 4600 m (15 000 pies), incluido un cabeceo hacia arriba a 2,3 g (23 m/s 2) que indujo una advertencia de entrada en pérdida. Configuraron el Piloto automático para ascender a 500 pies/min (150 m/min) a FL410. Esto superó la tasa de ascenso recomendada por el fabricante en altitudes superiores a FL380. En el intento de alcanzar FL410, el avión se elevó a más de 1 a 2 g y el ángulo de ataque se volvió excesivo para mantener la velocidad de ascenso en la atmósfera superior más delgada. Después de alcanzar FL410, el avión navegaba a 150 nudos (170 mph, 280 km/h), velocidad indicada, apenas por encima de la velocidad de pérdida, y había sobrecargado los motores.";Bombardier CRJ200;2 de 2 (50)
2005;522 de Helios Airways;Hipoxia. Despegó del aeropuerto internacional de Larnaca (Chipre) con destino a Praga vía Atenas. Pero menos de tres horas después, los 121 pasajeros a bordo murieron cuando el Boeing 737-300 apodado 'Olympia' se estrelló contra las colinas cerca de Grammatikó, Grecia. Atrapado en un circuito a 10.700 metros en el cielo, no había habido comunicación desde el avión durante más de una hora. En las semanas anteriores, varias tripulaciones y pasajeros a bordo informaron problemas con el aire acondicionado y frecuentes temperaturas frías, lo que llevó a siete inspecciones separadas de su sistema de control ambiental. Incapacitación de la tripulación (hipoxia) por pérdida de presurización de cabina. Error del personal de mantenimiento (desactivaron la presurización automática) y los pilotos (no revisaron esos sistemas). Azafata estrelló el avión cuando se quedaron sin combustible para salvar a la gente en tierra.;Boeing 737-300;121 de 121
2006;3142 de LAPA;Whisky Romeo Zulu. Enrique Piñeyro expone casos de corrupción y negligencia por parte de la Fuerza Aérea Argentina, van incidentes con aeronaves de explotadores extranjeros (Air France 417), los accidentes de LAPA, de Fray Bentos y el del Aeródromo El Pampero. Mal estado de la torre del Aeropuerto de Ezeiza. Omisión del piloto Gustavo Weigel de extender los flaps para aumentar la sustentación de la nave, más la desatención intencional de la alarma que alertaba específicamente sobre la posición inapropiada de los flaps,? pese a que esa alarma sonó durante 52 segundos, los pilotos continuaron con el carreteo, dejando que la aeronave superara la velocidad V1 o velocidad de decisión, que una vez alcanzada hacía imposible abortar el despegue. El informe consideró que hubo una negligencia grave del piloto y el copiloto Luis Etcheverry, fallecidos en el accidente, así como una serie de falencias por parte de la empresa.;Boeing 737-204C;(2 tierra) 63 de 100 (35)
2006;1907 de Gol Transportes Aéreos;Colisión corte. Los pilotos estadounidenses del Legacy 600 apagaron sin querer el transpondedor, un dispositivo que establece una comunicación electrónica entre el equipo a bordo de la aeronave y la estación en tierra. La torre les dijo crossing 350, falla de terminología. Clearances temporales deben ser explícitos, repetidos y confirmados, “crossing/passing” solo no basta sin contexto.;Boeing 737-800;154 de 154 (7)
2007;120 de China Airlines;Fuego por FOD. La investigación se centró en la posibilidad de un escape de combustible como principal causa de la emergencia. En una conferencia de prensa, los investigadores dieron a conocer que una pieza del dispositivo hipersustentador (bolt nut) perforó el tanque de combustible del ala derecha, creando un pequeño agujero de 2 a 3 centímetros. La fricción del slat encendió el fuego.;Boeing 737-800;0 de 165 (4)
2007;1209 de Scandinavian Airlines;Tren no aseguró. Antes del aterrizaje, el tren de aterrizaje principal derecho no se bloqueó y la tripulación voló en círculos durante una hora mientras intentaba solucionar el problema y se preparaba para un aterrizaje de emergencia. Después de que el avión tocó tierra, el tren de aterrizaje derecho colapsó, el ala derecha golpeó el suelo y se produjo un incendio. El fuego se extinguió antes de que el avión se detuviera y todos los pasajeros y la tripulación fueron evacuados. Cinco personas sufrieron heridas leves, algunas por partes de la hélice que ingresaron a la cabina y otras por la evacuación. Cuando se activó la manija para bajar el tren de aterrizaje, el indicador mostró dos luces verdes y una roja. La luz roja indicaba que el tren de aterrizaje principal derecho no estaba bloqueado en su posición. El aterrizaje fue abortado. Los intentos de bajar el tren de aterrizaje manualmente también fueron infructuosos. Una investigación reveló que el perno de ojo del actuador hidráulico del tren de aterrizaje principal derecho se había separado del actuador. Un análisis más detallado del actuador mostró corrosión en las roscas tanto en las roscas internas de la varilla del pistón como en las roscas externas del extremo de la varilla, lo que provocó una reducción de la resistencia mecánica del actuador y su eventual falla.;Bombardier Dash 8 Q400;0 de 73 (5)
2008;38 de British Airways;Congelamiento combustible. Fallo doble de motores debido a cristales de hielo que obstruyeron los intercambiadores de calor del combustible. Las investigaciones de la AAIB (agencia de investigación británica) determinaron que el sistema anticongelamiento del combustible (FOHE) actuó en forma insuficiente, no pudiendo impedir la interrupción del flujo de combustible en el crucial momento del aterrizaje. Rolls Royce modificó el sistema anticongelante del combustible y la Agencia Europea de Seguridad Aérea (EASA) obligó a replicar esa modificación en todos los motores.;Boeing 777-236ER;0 de 152 (43)
2008;30 de Qantas;Botella Ox. Después de retirar el equipaje y la carga de la bodega delantera del avión, quedó evidente que un cilindro de oxígeno para pasajeros (número 4 de un banco de siete cilindros a lo largo del lado derecho de la bodega de carga) había sufrido una falla repentina y una descarga forzosa de su contenido presurizado hacia la bodega del avión, rompiendo el fuselaje en las proximidades del carenado del borde de ataque del ala-fuselaje. El cilindro había sido propulsado hacia arriba por la fuerza de la descarga, perforando el piso de la cabina y entrando en la cabina adyacente a la segunda puerta principal de la cabina. Posteriormente, el cilindro impactó el marco de la puerta, la manija de la puerta y el panel superior, antes de caer al piso de la cabina y salir del avión a través del fuselaje roto. Algunas máscaras de oxígeno que se desplegaron después de la explosión no funcionaron correctamente. Algunos pasajeros se vieron obligados a compartir una máscara cuando el avión se despresurizó, mientras que otros entraron en pánico cuando algunas máscaras no se desplegaron.;Boeing 747-438;0 de 365
2009;1549 de US Airways;"Amerizaje. El Airbus A320 realizó un amerizaje de emergencia en el río Hudson tras perder potencia en ambos motores debido a la colisión con una bandada de gansos.? Todos los pasajeros fueron rescatados. El comandante Chesley ""Sully"" Sullenberger y su copiloto Jeffrey Skiles mantuvieron profesionalmente la calma y evaluaron rápidamente la situación consultando los protocolos de emergencia.";Airbus A320-214;0 de 155
2009;447 de Air France;Congelamiento pitot, palancas. Lectura incorrecta de los anemómetros, probablemente causada por una obstrucción de los tubos pitot por cristales de hielo (engelamiento), seguido por un inadecuado manejo de los controles que desestabilizaron la trayectoria de vuelo (fallo de tubos pitot, error de los pilotos). Anteriormente ya se habían registrado varios problemas parecidos con los tubos Pitot de los Airbus A330 y A340. Debido a esto, Airbus ya había pedido a las aerolíneas que reemplazaran los tubos por un nuevo modelo que tiene menor probabilidad de congelarse o taponarse. Desafortunadamente, para el momento de la tragedia, Air France aún estaba en proceso de instalar los nuevos modelos en sus aeronaves, por lo que la aeronave usada en el vuelo 447 no contaba con el nuevo modelo. Con el avión a 10.000 pies (poco más de 3.000 m) Robert intenta coger el control del avión y mueve su mando hacia adelante para hacer que el morro del avión baje, pero debido a que los controles están en modo dual, el sistema promedia su orden con la de Bonin que aún tiene los controles hacia atrás, elevando el morro, por lo que la maniobra resulta inútil. A diferencia de los mandos de los aviones Boeing, los de los Airbus no se mueven sincronizadamente, por lo que Robert no podía saber lo que hacía Bonin a menos que mirase directamente a su palanca. No estaban deacuerdo si estaban subiendo o bajando.;Airbus A330-203;228 de 228
2011;812 de Southwest Airlines;Brecha. Se efectuó un aterrizaje de emergencia en Yuma, Arizona después de que apareciera una brecha de 1,8 metros en la parte superior del fuselaje del avión justo por detrás de la cabina de vuelo.? Se produjo una despresurización rápida a 36 000 pies, la causa probable de este accidente fue la instalación incorrecta del panel de revestimiento de la corona del fuselaje en la junta de solape S-4L durante el proceso de fabricación, lo que resultó en múltiples daños en el sitio, grietas por fatiga y eventuales fallas del panel inferior de la piel.;Boeing 737-3H4;0 de 123
2013;762 de British Airways;Tapa abierta. Despegó de la pista 27L en un servicio programado a Oslo, Noruega. En ese momento, las puertas de las cubiertas de ambos motores turbofan se desprendieron, perforando una tubería de combustible en el motor derecho y dañando el fuselaje. Los síntomas observados por la tripulación de vuelo incluyeron: degradación del control de empuje del motor, pérdida del sistema hidráulico amarillo y una fuga de combustible significativa. Después de la pérdida del sistema hidráulico amarillo, la tripulación declaró una PAN (Urgencia), con la intención de regresar a Heathrow una vez que hubieran evaluado completamente la situación. El ATC proporcionó vectores de radar para el ILS a la pista 27R. Durante la aproximación para aterrizar, se desarrolló un incendio externo en el motor derecho. Una advertencia de incendio del motor en la cabina de vuelo llevó a la tripulación a declarar un MAYDAY. Aunque se descargaron ambas botellas extintoras de incendios del motor y se apagó el motor derecho, el incendio no se extinguió por completo. El motor izquierdo continuó funcionando normalmente durante todo el vuelo. El avión aterrizó de manera segura y se detuvo en la pista 27R de Heathrow. El servicio de bomberos del aeropuerto atendió y extinguió rápidamente un pequeño incendio en el motor derecho. Los pasajeros y la tripulación evacuaron a través de los toboganes de escape del lado izquierdo del avión, sin lesiones.;Airbus A319-131;0 de 75
2016;2933 de LaMia;"Chapecoense. Bolivia - RNG. El informe final de Aeronáutica Civil de Colombia destaca que la empresa LaMia no cumplió con los requisitos de cantidad mínima de combustible, no tuvo en cuenta el combustible requerido para volar a un aeropuerto alterno, el de contingencia, el de reserva, ni el combustible mínimo de aterrizaje, ni la empresa ni la tripulación, aunque eran conscientes de la escasa cantidad de gasolina para terminar el vuelo en Rionegro, tomaron la decisión de no aterrizar en otro aeropuerto en ruta para reabastecer y completar así la cantidad mínima de combustible para proceder con seguridad a su destino final, deficiencias organizacionales, una difícil situación económica, inconvenientes en la dotación de cargos y problemas en su sistema de gestión de seguridad operacional y en el cumplimiento de las políticas de combustibles, establecidas en los manuales, pero ""no se cumplían en la práctica"". Unos 22 técnicos participaron en la investigación que determinó que la aeronave estaba en buenas condiciones, tenía el mantenimiento actualizado y que además contaba con una tripulación experimentada. Poco más de 5.000 dólares –entre el valor del combustible y los derechos de aeropuerto– habría costado la parada técnica en Bogotá, necesaria para evitar el accidente.";Avro RJ85;71 de 77
2018;610 de Lion Air;MCAS. Fallos en el sensor de ángulo de ataque (AoA) y otros instrumentos en ese y en vuelos anteriores, vinculados a un posible defecto de diseño relacionado con el sistema automático de estabilización (MCAS). Durante el vuelo, el MCAS recibía información errónea de los sensores de velocidad y altura, con un rango de fallo de 21°, de tal manera que el software procesaba que estaban entrando en pérdida e inclinara el avión 26° en el sentido contrario, pese a los intentos del capitán por ganar altura.;Boeing 737 MAX 8;189 de 189
2018;1380 de Southwest Airlines;Alabe. Sufrió una falla contenible de su motor izquierdo unos veinte minutos después del despegue del aeropuerto de Nueva York-LaGuardia el 17 de abril de 2018. Fatiga de bajo ciclo en la raíz del álabe del fanblade, que generó grieta subsuperficial no detectable por inspecciones visuales/NDT estándar. El álabe se desprendió, impactó la carcasa en su punto crítico de diseño y liberó fragmentos a alta velocidad. Restos del motor averiado golpearon el fuselaje de la aeronave y una ventana lateral, la cual estalló, causando una despresurización rápida de la aeronave. Una pasajera murió después de ser parcialmente expulsada de la ventana fallida. Otras siete personas resultaron heridas. La comandante hizo un descenso de emergencia y aterrizó en el Aeropuerto Internacional de Filadelfia tan pronto como le fue posible.;737-700;1 de 149
2018;1388 de Air Astana;Guayas. Un avión E190 de Air Astana despegó de una instalación de mantenimiento de OGMA en Portugal. Poco después del despegue, el avión se volvió casi incontrolable debido a la instalación invertida de los cables de control del alerón durante el mantenimiento. Esta configuración incorrecta hizo que los alerones respondieran en la dirección opuesta a las entradas del piloto, lo que provocó maniobras inesperadas y extremas. En un momento dado, consideraron amerizar en el océano mientras luchaban por recuperar el control, se desplegaron aviones de combate F-16 portugueses para ayudar. Finalmente pudieron aterrizar el avión de manera segura en Beja, Portugal, en su tercer intento.;Embraer E190;0 de 6 (ferry)
2018;611 de India Express;Tornillo. Durante el despegue en el Aeropuerto Internacional de Tiruchirappalli, en India, el capitán de la aeronave experimentó una falla en el asiento de la cabina. Esto provocó que el asiento se deslizara hacia atrás, lo que a su vez hizo que el capitán perdiera el control de la aeronave momentáneamente, reduciendo la potencia de los motores. Como consecuencia directa de esta pérdida de control, el avión impactó la antena del sistema de aterrizaje por instrumentos (ILS) y el muro del aeropuerto con la parte trasera del fuselaje, sufriendo un golpe de cola (tail strike).;Boeing 737-800;0 de 136
2019;302 de Ethiopian Airlines;MCAS. Boeing habló de reparar el software del MCAS, en inglés: Manoeuvring Characteristics Augmentation System, pues una de las hipótesis del accidente apunta a que este fue el responsable de la pérdida de altura.? Sin embargo, varios meses después no se había realizado ninguna acción correctiva.;Boeing 737 MAX 8;157 de 157
2019;Saint-Dizier Francia;"Eyección. El 20 de marzo de 2019, un pasajero civil fue expulsado accidentalmente de un avión de combate biplaza Rafale B cuando el avión despegaba de la base aérea Saint-Dizier, ubicada al este de Francia. El informe final del comité de investigación francés para la seguridad de la aviación estatal (BEA-E) describió la cadena de fallas tanto humanas como técnicas (una de las cuales inesperadamente evitó que el avión de combate se estrellara) que produjeron el particular incidente. El pasajero civil fue identificado como un hombre de 64 años que trabaja con una importante compañía de de defensa francesa, al cual le ofrecieron un ""vuelo de observación"" en un avión de combate Dassault Rafale B como regalo. Debido a lo ""informal"" del vuelo, no se respetó el protocolo habitual. En cambio, el pasajero fue examinado por un médico cuatro horas antes del vuelo y fue declarado apto para volar, con la condición de que no fuera sometido a gravedades negativas. Dicha información no fue comunicada al piloto. El informe reporta que el civil ya estaba nervioso cuando ingresó a la cabina, con un ritmo cardíaco registrado entre 136 y 142 latidos por minuto. La investigación encontró que los controles de seguridad del pasajero habían sido, en el mejor de los casos, superficiales. El pasajero realizó la mayor parte de su instalación en la cabina por sí mismo, como consecuencia, su visera estaba levantada, sus pantalones anti-g no estaban ajustados correctamente, su casco y máscara de oxígeno estaban desabrochados y las correas de sus asientos no estaban lo suficientemente apretadas.";Dassault Rafale B;0 de 2
2020;29 de Avianca;Globo. El vuelo AVA029, de la aerolínea Avianca, que venía de Orlando, Florida (EE. UU.), se estrelló de lleno con un globo pirotécnico liberado en Antioquia. El globo se enredó en los motores, alas y estabilizadores horizontales de la aeronave.;Airbus A319;0 de 171
2022;2213 de LATAM Perú;Colisión. Dos vehículos de emergencia entraron en la pista sin permiso. El simulacro de emergencia había sido mal planificado por la Corporación Peruana de Aeropuertos y Aviación Comercial (Córpac), y la coordinación con el aeropuerto en relación con el simulacro fue deficiente. Los controladores aéreos sólo habían sido notificados del simulacro aproximadamente una hora antes de que se produjera, por lo que disponían de información limitada. Además, la comunicación entre los controladores aéreos y el personal de emergencia utilizaba terminología no estándar.;Airbus A320-271N;(3 bomberos) 0 de 108
2024;1282 de Alaska Airlines;Tapón. Aterrizaje de emergencia. Alguien se olvidó de poner los pernos o de apretarlos. La puerta de emergencia estaba deshabilitada, el tapón saltó por los aires en pleno vuelo en un avión de Alaska Airlines, no tenía las cuatro sujeciones correspondientes para que estuviera bien fijada. Afortunadamente el niño que iba en esa silla tenía puesto el cinturón de seguridad.;Boeing 737 MAX 9;0 de 177
2024;2283 de Voepass Linhas Aéreas;"Engelamiento. El avión perdió sustentación y entró en un ""giro plano"" o ""Flat Spin"". La grabadora de voz de la cabina del avión reveló que los pilotos se habían dado cuenta de que se estaba acumulando hielo y que había una falla en el sistema de deshielo. El análisis del registrador de datos de vuelo también mostró que el sistema de deshielo de la aeronave se encendió y apagó varias veces.";ATR 72-500;62 de 62
2024;7C2216 de Jeju Air;Aterrizaje sin trenes, se sale de la pista y se estrella contra una barrera de hormigón con las antenas localizer. Al parecer impactaron contra un grupo de patos, pero 4 minutos antes las cajas negras dejaron de grabar.;Boeing 737-800;179 de 181
2025;5342 de American;Sikorsky UH-60 Black Hawk operado por el Ejército de los Estados Unidos colisionó con el vuelo 5342 de American Eagle, un vuelo desde Wichita, Kansas, a Washington D. C., operado por PSA Airlines en nombre de American Eagle.[1][2][3] La colisión ocurrió sobre el río Potomac mientras el Bombardier CRJ-701ER estaba en aproximación final al Aeropuerto Nacional Ronald Reagan de Washington.[4][5][6] Posteriormente, el helicóptero se estrelló en el río, según confirmó el Departamento de Bomberos y Servicios Médicos de Emergencia del Distrito de Columbia.menos de 30 segundos antes de la colisión, un controlador de tráfico aéreo preguntó a la tripulación del helicóptero si tenían a la vista el vuelo 5342. La tripulación confirmó el contacto visual y solicitó «separación visual» del avión de pasajeros, lo que fue aprobado por el controlador.;;64 y 3
2025;N980VC charter;Fallo tren LH, aterrizaje de emergencia en Olaya Herrera Medellín. Venía de Manizales de hacer ejercicio de toque y despegue. Se produjo un colapso del tren de aterrizaje principal izquierdo en la fase de rodaje, lo que hizo que el avión se apoyara sobre el ala izquierda y bloqueara la pista.;Beechcraft C-90;0 de 2
2025;AI171 de Air India;Switch. Ambos motores se apagaron porque los fuel?control switches pasaron a CUTOFF a los pocos segundos del despegue, cortando el combustible a ambos motores, activación de la RAT (ram air turbine) se desplegó inmediatamente tras la pérdida de potencia, señal de fallo severo de energía eléctrica/hidráulica, tren no alcanzó a subir. Unico sobreviviente salió expulsado por la salida de emergencia justo al momento del impacto.;Boeing 787-8 Dreamliner;241 de 242, y casi 30 personas en tierra residentes de Medicina
2025;1230 de JetBlue;Software, en un vuelo de JetBlue entre Cancún (México) y Newark (EEUU 30oct2025) un A320 sufrió una súbita pérdida de altitud causada por un error de datos en el ELAC, (30 metros en 7 segundos). La tripulación tuvo que desviar la aeronave y efectuar un aterrizaje de emergencia en Tampa, Florida. Entre 15 y 20 personas padecieron lesiones leves. Alrededor de 6 mil aviones necesitaron una rápida actualización de software para volver a la versión anterior que tenía redundancia en hardware de electrónica.;Airbus A320;0 de 162, 20 hospitalizados
1956;Militar;"DISPARO. El piloto disparó sus cañones y luego entró en un picado. Al descender, su avión terminó cruzando la trayectoria de sus propios proyectiles, y recibió impactos que dañaron el parabrisas y el motor.";F-11F Tiger NAVY;1 de 1
1991;Militar;"SHAFT. El helicóptero sufrió pérdida de potencia causando la muerte de 2 militares. La investigación determinó que la causa física fue el sobrecalentamiento y la falla de un acoplamiento del eje de transmisión (drive shaft coupling). En 1976 Bell Helicopter emitió un boletín técnico sugiriendo pintar los acoplamientos con unos puntos de pintura especial sensible al calor.En 1981 Bell volvió a advertir a la USAF que el sobrecalentamiento podía causar una ""pérdida de función o falla total"".En 1982 emitió un aviso de seguridad tras investigar fallas recientes en acoplamientos que no tenían la pintura indicadora.A pesar de estas advertencias claras, la USAF decidió no implementar el cambio al encontrar ""justificación insuficiente"" para seguir la recomendación, se priorizaron criterios técnicos o económicos.En 1991 después de la tragedia y la pérdida de vidas, la Fuerza Aérea finalmente adoptó el uso de la pintura sensible al calor como un requisito obligatorio antes de cada vuelo. Temp-Plates.";UH-1N Huey USAF;3 de 6
1994;Militar;COMPLACENCIA. Un B?52H practicaba para un airshow realizando maniobras muy agresivas (virajes con mucho alabeo, pasadas bajas) fuera de los límites de manual. En un giro muy cerrado a baja altura, el avión entró en pérdida y se estrelló, muriendo los cuatro tripulantes. El factor clave fue la tolerancia prolongada de la cadena de mando a un piloto con historial de violaciones graves de procedimientos y márgenes de seguridad.;B-52 Stratofortress;4 de 4
2000;Militar;CERTIFICACIÓN. un MV?22 del USMC se estrelló durante un ejercicio nocturno de asalto en Marana, Arizona. No caracterizó suficientemente sus características VRS en configuración tilt?rotor durante los ensayos de desarrollo, y que parte de esos ensayos fueron recortados o diferidos. Junio 1991 (New Castle) Sistema de control de vuelo mal cableado. Deficiencia en el control de calidad y validación de la instalación. Julio 1992 (Potomac) Incendio por fluidos en la góndola del motor. Diseño inadecuado de protección contra fuego en prototipo. Posterior introducción de un firewall de titanio.Abril 2000 (Marana) Vortex Ring State (VRS). Inadecuada definición de la envolvente de vuelo y límites de descenso. (19 muertos)Junio 2022 (California) Hard Clutch Engagement (HCE). Falla en la certificación de redundancia del sistema de transmisión. SW HW.Nov. 2023 (Gundam 22) Falla del engranaje de piñón. Uso de acero defectuoso por el proveedor, chip det. gearbox desde el 2013.Presión política y operativa para acelerar la certificación de una tecnología disruptiva (el rotor inclinable) sin una comprensión total de sus límites aerodinámicos. ;V-22 Osprey;19 de 19
2006;Militar;MODIFICACIÓN. Nimrod MR2 XV230 de la RAF explotó en vuelo sobre Afganistán poco después de un  reabastecimiento en vuelo, falleciendo los 14 ocupantes. Fuga de combustible entró en contacto con una tubería del sistema de aire acondicionado extremadamente caliente. BAE Entre 2001 y 2005 se realizó un estudio para evaluar la seguridad de la flota Nimrod (tick-box exercise). No se detectó que las líneas de combustible y las tuberías de aire caliente estaban peligrosamente cerca, un error de diseño que existía desde hacía años.Existía la suposición generalizada de que, como el Nimrod había volado con éxito durante 30 años, era intrínsecamente seguro, ignorando el desgaste de una plataforma antigua.Gran parte del trabajo técnico se delegó a consultores externos que no tenían un conocimiento práctico profundo del avión. Documentos resultantes eran voluminosos y complejos.Hubo incidentes previos en otros aviones de la flota que servían como señales de alerta sobre fugas de combustible y problemas con los conductos de aire caliente. Estas señales no se conectaron ni se analizaron como un riesgo sistémico antes del accidente del XV230.;MR2 Nimrod raf;14 de 14
2007;Militar;LARGUERO. Durante una misión de entrenamiento con maniobra de 7G, el avión comenzó a sacudirse y se partió en dos. El piloto logró eyectarse con éxito. Espesor inferior en la producción en serie. Alerta encontró en 182 (40% flota mundial). La Fuerza Aérea de EE. UU. (USAF) selecciona el diseño de McDonnell Douglas para el F-15 en 1969. Los planos de ingeniería definían que el larguero superior derecho grosor uniforme de 100 mils (2.5 mm).Durante el proceso de fabricación 1981 se produjo una pieza defectuosa. Grosor no uniforme en algunas secciones, el metal tenía apenas 39 mils (menos de 1 mm).Los inspectores de calidad de la fábrica y los protocolos de la época no detectaron que la pieza era un 60% más delgada de lo que exigía el plano de diseño antes de instalarla en el avión.El avión entró en servicio en 1982 y operó durante 25 años. Debido a que la pieza era demasiado delgada, el metal sufría más de lo previsto. Se formaron microgrietas por fatiga en la sección delgada.Punto Ciego de Mantenimiento: Zona estructural interna, oculta bajo otras capas de metal, invisibles para las inspecciones de rutina.;F-15C Eagle;1 eyectado
2010;Militar;REPARACION OBOGS. Un F?22 se accidentó cerca de Elmendorf poco después del despegue nocturno. Hubo pérdida de oxígeno asociada al sistema OBOGS/bleed air y el piloto intentó gestionar la emergencia, pero el avión entró en una actitud anómala y terminó impactando el terreno, con pérdida del piloto. La investigación combinó factores de diseño (gestión de fallos de oxígeno y ergonomía de controles de emergencia) y actuación del piloto en un entorno de alta carga de trabajo.;F-22 Raptor;1 de 1
2010;Militar;COMPLACENCIA. En el campo de fútbol del Batallón Caicedo operaban simultáneamente un Bell 222 civil (al servicio del Ejército) y un H?500 HS de la FAC. Tras un primer vuelo, el Bell regresó, el H?500 inició motores y ambos coordinaron por radio, pero luego los dos helicópteros comenzaron giro en estacionario y despegue casi al mismo tiempo, desde posiciones distintas, sin contacto visual recíproco y con trayectorias convergentes. Colisionaron a unos 90 ft de altura, resultando destruidas ambas aeronaves y falleciendo todos los ocupantes del helicóptero militar y la mayoría de los del Bell. El núcleo causal fue la ausencia de una secuencia clara y de control local efectivo en un helipuerto improvisado con múltiples aeronaves.;Bell 222 ejc y H-500 HS FAC;6 de 11
2015;Militar;SOFTWARE. Un A?400M en vuelo de prueba se estrelló poco después del despegue de Sevilla cuando tres de sus cuatro motores no entregaron potencia adecuada. La causa fue un error de carga/configuración de software de los FADEC/ECU durante mantenimiento/producción, que dejó borrados parámetros de calibración críticos, en vuelo, esos motores quedaron prácticamente al ralentí. El diseño permitía que esta condición no se manifestara claramente en tierra, de modo que el fallo sólo apareció en el despegue.;A-400M Atlas;4 de 6
2017;Militar;"HELICE. KC-130T del Cuerpo de Marines transporte táctico y cisterna, una pala del M2 atravesó hasta el M3 partiendo el avión. Los 16 militares a bordo perdieron la vida. En 2011 la hélice fue enviada al Complejo de Logística (WR-ALC). Los técnicos debían detectar y eliminar cualquier rastro de corrosión. No siguieron los manuales, pintaron sobre el óxido.Hasta el 2017 el avión siguió volando con una ""bomba de tiempo"" pintada. La grieta creció de forma invisible bajo la capa de pintura durante miles de horas de vuelo (6 años).Los estudios metalúrgicos encontraron la corrosión original de 2011 bajo la pintura vieja. El problema era sistémico: falta de supervisión, herramientas mal calibradas y una cultura de trabajo que priorizaba la velocidad sobre la seguridad.Este evento obligó a las fuerzas armadas a retirar del servicio cientos de hélices de modelos antiguos de C-130 y a cambiar por completo cómo se auditan los talleres de mantenimiento militar para evitar que se ignoren los manuales técnicos.";KC-130T Hercules;16 de 16
2026;Militar;COMUNICACIÓN. Durante la carrera de despegue del A4278 en ruta Bogotá San Andrés, un helicóptero de la FAC autorizado por la torre se cruzó en la trayectoria, obligando a la tripulación a ejecutar un Rejected Takeoff (RTO) de alta velocidad, reventando 4 llantas en el frenado.;Bell 212 y A320 LA4278;0 de 161
