Fecha;Documento;Titulo;Observaciones
20/nov/2007;AC 120-94;Aircraft Electrical Wiring Interconnection Systems Training Program;FAA The objective of this EWIS training program is to give operators or maintenance repair organizations a model for developing their own EWIS training program. This training can benefit personnel whether such training is required by regulation or developed and adopted voluntarily by an organization. It will help ensure that proper processes, procedures, methods, techniques, and practices are used when performing maintenance, preventive maintenance, inspection, alteration, repair, and cleaning of EWIS.
20/may/2024;AC 20-158B;The Certification of Aircraft Electrical and Electronic Systems for Operation in the High-Intensity Radiated Fields (HIRF) Environment;This AC provides guidance for a new type certificate (TC) or a change to an existing TC when the certification basis requires you to address the HIRF certification requirements of §§ 23.1308 (Amendment 23-57), 23.2520 (Amendment 23-65), 25.1317, 27.1317, or § 29.1317.
28/oct/2010;AC 20-170;Integrated Modular Avionics Development. Verification, Integration and Approval using RTCA/DO-297 and Technical Standard Order C153;This advisory circular (AC) shows you how to obtain Federal Aviation Administration (FAA) airworthiness approval for the development, verification, and integration of an integrated modular avionics (IMA) system for installation into an aircraft or engine. We cite RTCA, Inc. document RTCA/DO-297, Integrated Modular Avionics (IMA) Development Guidance and Certification Considerations, dated November 8, 2005 and supplement it with this text. This AC also provides guidance on how to show compliance with Technical Standard Order (TSO)-C153, Integrated Modular Avionics Hardware Elements.
04/may/1977;AC 20-41A;Substitute Technical Standard Order (TSO) Aircraft Equipment;Sets forth an acceptable means for complying with rules governing aircraft equipment installations in cases involving the substitution of technical standard order equipment for functionally similar TSO approved equipment.
14/sep/2018;AC 20-62E;ELIGIBILITY, QUALITY, AND IDENTIFICATION OF AERONAUTICAL REPLACEMENT PARTS;Class I Product. A complete aircraft, aircraft engine, or propeller that has been type-certificated in accordance with the applicable regulations, and for which Federal Aviation Specifications or TC data sheets have been issued. Class II Product. A major component of a Class I product (e.g., wings, fuselages, empennage assemblies, landing gears, power transmissions, or control surfaces, etc.), the failure of which would jeopardize the safety of a Class I product, or any part, material, or appliance, approved and manufactured under the Technical Standard Order (TSO) system in the ‘‘C’’ series. Class III Product. Any part or component that is not a Class I or Class II product, including standard parts. Class III products are considered to be parts.
29/sep/2005;AC 23-13A;Fatigue, Fail-Safe, and Damage Tolerance Evaluation of Metallic Structure for Normal, Utility, Acrobatic, and Commuter Category Airplanes;Provides information and guidance concerning an acceptable means of demonstrating compliance with the requirements of Part 23 of the Federal Aviation Regulations (FAR) regarding fatigue and fail-safe evaluation of metallic airplane structure.
23/jun/2023;AC 29-2C;Certification of Transport Category Rotorcraft;Provide guidance on acceptable methods of compliance with 14 CFR Part 29, which outlines the airworthiness standards for the type certification of transport category rotorcraft.The AC serves the following primary functions:Means of Compliance: Provides established, though not mandatory, methods to show that a rotorcraft meets stringent safety and performance standards.Standardization: Establishes uniform procedures for Federal Aviation Administration (FAA) personnel and applicants during Type Certification (TC) and Supplemental Type Certification (STC) activities.Guidelines for Testing & Design: Offers detailed criteria for basic design, ground tests, flight tests, and structural integrity.Technological Updates: Provides miscellaneous guidance (MG) for newer aerospace technologies, such as Advanced Flight Controls (AdFC) and Automatic Flight Guidance and Control Systems (AFGCS).
08/sep/1998;AC 43.13-1B;Acceptable Methods, Techniques, and Practices - Aircraft Inspection and Repair;Prácticas Estándar para Reparaciones
03/mar/2008;AC 43.13-2B;Acceptable Methods, Techniques, and Practices - Aircraft Alterations;Prácticas Estándar para Modificaciones
03/feb/2006;ADS-44-HDBK;AERONAUTICAL DESIGN STANDARD HANDBOOK ARMAMENT AIRWORTHINESS QUALIFICATION FOR U.S. ARMY AIRCRAFT;This handbook provides guidelines for requirements to qualify an armament system for use on-board a U.S. Army air vehicle. Air vehicles include rotorcraft, fixed-wing aircraft, and unmanned aerial vehicles (UAV). Air vehicle and air platform are synonymous. The terms "armament" and "weapon" are used interchangeably in this handbook. Weaponization includes the addition of armament to the air vehicle and integration of the air vehicle and armament. The armament includes, as a minimum, explosive devices, guns, guided and unguided rockets, missiles, dispensed munitions, bombs, and directed energy weapons such as anti-sensor weapons and lasers. Additionally, the entire air vehicle is considered a weapon if there exists a purpose or intent to fly or direct the air platform into a target, e.g. a UAV. An armament that is fired from an airborne vehicle is normally considered to be a subsystem of the air vehicle. This document provides the requirements to fully qualify armament on a U.S. Army aircraft. See ADS-45-HDBK for the data and tests that are needed to obtain an Airworthiness Release (AWR) or Contractor Flight Release (CFR) for the testing of armament on U.S. Army aircraft. The Army organization that assesses the airworthiness, when the weapon system is mounted or used on an Army aircraft, is the Aviation Engineering Directorate (AED) in the Aviation and Missile Research, Development and Engineering Center (AMRDEC) at Redstone Arsenal, Alabama. This is so even when another agency is the proponent or materiel developer for a weapon such as a gun or ammunition.
19/dic/2005;ADS-45-HDBK;AERONAUTICAL DESIGN STANDARD: HANDBOOK DATA AND TEST PROCEDURES FOR AIRWORTHINESS RELEASE FOR U.S. ARMY HELICOPTER ARMAMENT TESTING;This handbook establishes guidelines for data and test procedures, that should be completed prior to the issuance of a Contractor Flight Release (CFR) or Airworthiness Release (AWR) to conduct flight testing of armament on U.S. Amy aircraft. A CFRIAWR is required for aircraft ground firing tests with the rotors turning, and for aircraft flight tests, both non-fuing (captive carriage) and firing. The guidelines include documentation on armament configurationldesign, analyses, component tests and aircraft ground tests. The documentation is required so the Govenunent can conduct an airworthiness assessment in order to ensure that U.S. Amy aircraft are safe to flight test. The requirements should be tailored based on the nature, magnitude, complexity and integration risk associated with the new or modified armament system. The difference between an \"airworthy\" system and a \"qualified\" system is the degree to which the system meets specification requirements and provides the system \"performance\" expected by the user. For a tutorial on the overall helicopter airworthiness qualification process, including flight releases, see ADS-5 1- HDBK. For purposes of this handbook, the terms \"armament\" and \"weapon\" are interchangeable.
02/abr/2017;AECTP-600;THE TEN STEP METHOD FOR EVALUATING THE ABILITY OF MATERIEL TO MEET EXTENDED LIFE REQUIREMENTS AND ROLE AND DEPLOYMENT CHANGES (APR 2007), ALLIED ENVIRONMENTAL CONDITIONS AND TEST PUBLICATION.; The purpose of this AECTP is to describe the process known as the Ten Step Method that has been developed to determine the ability of materiel to meet extended life requirements and role and deployment changes. The process is presented in this AECTP, which is a framework document. The purpose of the document is to acquaint project (programme) managers with the engineering principles involved when evaluating the implications of extended life requirements, and with the outline of a management tool that systematically addresses the issues to be resolved OTAN NATO
28/may/2020;AFMAN 91-201;AIR FORCE MANUAL EXPLOSIVES SAFETY STANDARDS;This manual establishes Air Force policy for explosives safety criteria, identifies hazards, and states safety precautions and rules when working with explosives.
08/may/2006;AM FAC-643;INSPECCION, PRESERVACION Y MANTENIMIENTO A CABLES DE ACERO UTILIZADOS EN EQUIPO ETTA;Alerta guaya se rompio en CATAM y el motor sufrio perdida total
16/mar/2021;AMC 20-22;Aeroplane Electrical Wiring Interconnection System Training Programme;EASA This AMC provides acceptable means of compliance for developing an enhanced Electrical Wiring Interconnection System (EWIS) training programme. The information in this AMC is derived from the best practices training developed through extensive research. This AMC is an effort by the Agency to officially endorse these best practices and to dispense this information industry-wide so that the benefits of this information can be effectively realised. Following this AMC will result in a training programme that will improve the awareness and skill level of the aviation personnel in EWIS production, modification, maintenance, inspection, alterations and repair. This AMC promotes a philosophy of training for all personnel who come into contact with aeroplane EWIS as part of their job and tailors the training for each workgroup to their particular needs.
01/abr/1980;AMS 2750;PYROMETRY;This specification establishes and defines requirements and procedures for control and testing of furnaces, ovens, salt baths, vacuum furnaces, refrigeration equipment, and allied pyrometric equipment used primarily for thermal treatment of semi-finished and finished metal parts.
10/ago/2012;ARP 1870;Aerospace Systems Electrical Bonding and Grounding for Electromagnetic Compatibility and Safety;SAE This document establishes the minimum requirements for the electrical bonding and grounding of electric, avionic, armament, communication, and electronic equipment installations for aeronautical and aerospace applications. The bonding and grounding requirements specified herein are to ensure that an adequate low resistance return path for electric, avionic, armament, communication and electronic equipment is achieved which can withstand operating conditions and corrosion. This is essential for the reduction of coupling of electromagnetic fields into or out of the equipment as well as for providing electrical stability to control the currents and/or voltages caused by static charges and discharges and for suppressing the hazardous effects thereof.
21/dic/2010;ARP 4754A;GUIDELINES FOR DEVELOPMENT OF CIVIL AIRCRAFT AND SYSTEMS;This document discusses the development of aircraft systems taking into account the overall aircraft operating environment and functions. This includes validation of requirements and verification of the design implementation for certification and product assurance. It provides practices for showing compliance with the regulations and serves to assist a company in developing and meeting its own internal standards by considering the guidelines herein.
01/dic/1996;ARP 4761;GUIDELINES AND METHODS FOR CONDUCTING THE SAFETY ASSESSMENT PROCESS ON CIVIL AIRBORNE SYSTEMS AND EQUIPMENT;SAE This document describes guidelines and methods of performing the safety assessment for certification of civil aircraft. It is primarily associated with showing compliance with FAR/JAR 25.1309. The methods outlined here identify a systematic means, but not the only means, to show compliance. A subset of this material may be applicable to non-25.1309 equipment. The concept of Aircraft Level Safety Assessment is introduced and the tools to accomplish this task are outlined. The overall aircraft operating environment is considered.
05/dic/2018;ARP 5414;Aircraft Lightning Zone;This SAE Aerospace Recommended Practice (ARP) defines lightning strike zones and provides guidelines for locating them on particular aircraft, together with examples. The zone definitions and location guidelines described herein are applicable to Parts 23, 25, 27, and 29 aircraft. The zone location guidelines and examples are representative of in-flight lightning exposures.
11/ene/2003;ARP 5583A;Guide to Certification of Aircraft in a High Intensity Radiated Field (HIRF) Environment;This guide provides detailed information, guidance, and methods related to the Federal Aviation Administration Advisory Circular (AC)/Joint Airworthiness Authorities Advisory Material Joint (AMJ) 20-XXX, "Certification of Aircraft Electrical/Electronic Systems for Operation in the High Intensity Radiated Fields (HIRF) Environment" (draft). The AC/AMJ provides acceptable means, but not the only means, of compliance with Parts 23, 25, 27, and 29 of the Federal Aviation Regulations (FAR)/Joint Aviation Regulations (JAR) to prevent hazards to aircraft electrical and electronic systems due to HIRF produced by external transmitters. This guide is neither mandatory nor regulatory in nature and does not constitute a regulation or legal interpretation of the regulation. The information in this guide represents a collection of best engineering practices that have been used to certify aircraft HIRF protection. An applicant may elect to establish an alternative method of compliance that is acceptable to the Federal Aviation Administration (FAA) or Joint Aviation Authorities (JAA).
09/ene/2024;ASTM D4054-23;Standard Practice for Evaluation of New Aviation Turbine Fuels and Fuel Additives;ASTM D4054 was developed as a guide by the engine and airplane OEMs (original equipment manufacturers) with ASTM International member support. It provides the producer of an alternative fuel with guidance of what is expected in the form of required testing and OEM involvement. It also includes property targets that are based on OEM experience with the impact of fuel or additives on the design and performance of gas turbine engines. An overview of the ASTM D4054 evaluation and approval process is shown in Figure 1. The fuel producer should engage the key organizations within international aviation jet fuel community that typically support the evaluation and approval of new fuels. These include ASTM International, the Coordinating Research Council (CRC), and Commercial Aviation Alternative Fuels Initiative (CAAFI).
04/nov/2022;ASTM D7566-22;Standard Specification for Aviation Turbine Fuel Containing Synthesized Hydrocarbons;This specification defines the minimum property requirements for aviation turbine fuel that contain synthesized hydrocarbons and lists acceptable additives for use in civil operated engines and aircrafts. Specification D7566 is directed at civil applications, and maintained as such, but may be adopted for military, government, or other specialized uses. This specification can be used as a standard in describing the quality of aviation turbine fuel from production to the aircraft. However, this specification does not define the quality assurance testing and procedures necessary to ensure that fuel in the distribution system continues to comply with this specification after batch certification. Such procedures are defined elsewhere, for example in ICAO 9977, EI/JIG Standard 1530, JIG 1, JIG 2, API 1543, API 1595, and ATA-103.
01/jun/2020;ASTM F2490-20;Standard Guide for Aircraft Electrical Load and Power Source Capacity Analysis;This guide covers how to prepare an electrical load analysis (ELA) to meet Federal Aviation Administration (FAA) requirements. This guide is intended to address aircraft level electrical load analysis. Electric propulsive power load analysis was not considered in the development of this guide.
21/sep/2018;CAAE-001-21.000-00;CIRCULAR DE ASESORAMIENTO DE LA AVIACIÓN DE ESTADO;Proceso general de certificación de productos aeronáuticos y reconocimiento de organizaciones para la Aviación de Estado. Dar a conocer a la comunidad regulada, proveedores y partes interesadas cuales son las responsabilidades, participantes y requerimientos generales para llevar a un buen término un proceso de certificación aeronáutica ante la AAAE y sus entes delegados.
28/jun/2004;CONPES 3293;AUTORIZACIÓN A LA NACIÓN PARA CONTRATAR OPERACIONES DE CRÉDITO EXTERNO HASTA POR US$ 234.56 MILLONES O SU EQUIVALENTE EN OTRAS MONEDAS PARA LA REPOSICIÓN DE LOS AVIONES DE COMBATE TÁCTICO DE LA FUERZA AÉREA COLOMBIANA;El objetivo del proyecto es la adquisición de 24 aviones turbohélice nuevos, con el fin de enfrentar la amenaza del tráfico ilícito de drogas, el conflicto armado interno y la defensa nacional. Estas aeronaves serán utilizadas para misiones de interdicción, apoyo aéreo cercano, vigilancia y reconocimiento aéreo armado.
09/jun/2008;CONPES 3522;LINEAMIENTOS GENERALES PARA LA IMPLEMENTACIÓN DE ACUERDOS DE COOPERACIÓN INDUSTRIAL Y SOCIAL – OFFSETS- RELACIONADOS CON ADQUISICIONES EN MATERIA DE DEFENSA EN COLOMBIA;La mayoría de los países solicitan offsets en el momento de una adquisición de un sistema de defensa a una empresa extranjera. Estos convenios de cooperación permiten acceder a tecnologías y conocimientos que de ninguna otra forma estarían disponibles en el mercado. De hecho, muchos países han aprovechado esta figura para consolidar sectores industriales estratégicos y para hacerse competitivos en la producción de bienes con alto contenido tecnológico. España, Brasil, Corea del Sur y Turquía son muestra de ello.
14/jul/2008;CONPES 3533;ADECUACIÓN DEL SISTEMA DE PROPIEDAD INTELECTUAL A LA COMPETITIVIDAD Y PRODUCTIVIDAD NACIONAL;Un tratamiento acertado de la propiedad intelectual incentivará la investigación y la producción de nuevas creaciones y generará un clima de seguridad para la inversión y en particular, de aquella destinada a la innovación.
08/ago/2016;CONPES 3866;POLÍTICA NACIONAL DE DESARROLLO PRODUCTIVO;Dicha política se define como un conjunto de instrumentos sectoriales y transversales para resolver fallas de mercado, de gobierno y de articulación que inhiben el crecimiento de la productividad o que dificultan los procesos de sofisticación del aparato productivo colombiano.
13/ene/2020;CONPES 3983;POLÍTICA DE DESARROLLO ESPACIAL: CONDICIONES HABILITANTES PARA EL IMPULSO DE LA COMPETITIVIDAD NACIONAL;Colombia es un mercado que tiene un potencial importante en el uso de servicios satelitales. En 2018 el país gastó 282 millones de dólares en servicios satelitales (comunicaciones, navegación e imágenes satelitales). Es de resaltar que el Gobierno nacional realizó más del 50% de estas compras.
30/nov/2020;CONPES 4011;POLÍTICA NACIONAL DE EMPRENDIMIENTO;Las causas de esta problemática comprenden las insuficientes habilidades y competencias para el emprendimiento, el incipiente desarrollo de mecanismos de financiamiento y dificultades de acceso a activos productivos, las insuficientes redes y baja comercialización e internacionalización, el limitado desarrollo tecnológico y poca innovación, y la debilidad institucional en el apoyo al ecosistema emprendedor.
17/dic/2024;DE-AAAES-FR-012;FORMATO DE APROBACIÓN DE DOCUMENTO TÉCNICO;Recepción de documentos para cambiar el expediente de diseño, producción, control configuración
20/nov/2024;DE-AAAES-FR-022;LISTA DE VERIFICACÓN PARA VISITAS DE ACOMPAÑAMIENTO A ENTES DE AVIACIÓN ESTADO;Documento empleado para las visitas de acompañamiento para confirmar cumplimiento de los estándares adoptados dentro de los Entes de Aviación de Estado.
29/dic/2025;DE-AAAES-FR-062;FORMATO REPORTE VALIDACIÓN DE ENSAYOS PARA COMPONENTES AERONÁUTICOS;Validación de resultados al final de proyecto
24/oct/2024;DE-AAAES-PR-007;PROCEDIMIENTO APROBACIÓN DE MODIFICACIONES MAYORES AL DISEÑO TIPO DEL PRODUCTO AERONAUTICO;Establecer las actividades a desarrollarse por parte de la Autoridad Aeronáutica Aviación de Estado (AAAES) para la aprobación de una modificación o alteración mayor al Diseño Tipo de los productos aeronáuticos de la Aviación de Estado (AE), con el fin de que se cumplan las condiciones de aeronavegabilidad y seguridad requeridas para su implementación y uso en las aeronaves o productos a ser intervenidas, en el marco de lo establecido en el RACAE 21 “Certificación De Productos Aeronáuticos y Reconocimiento Organizaciones De Diseño y Producción”. Cuestionario Modificación Mayor
02/abr/2025;"DE-AAAES-PR-008
";PROCEDIMIENTO APROBACIÓN DISEÑO DE PRODUCTO AERONÁUTICO;Establecer las actividades del proceso de certificación definido por la Autoridad Aeronáutica Aviación de Estado (AAAES) para la Aprobación de Diseño Aeronáutico para la Aviación de Estado.
05/ago/2025;DE-AAAES-PR-009;PROCEDIMIENTO CERTIFICACIÓN DE PRODUCCIÓN AERONÁUTICA;Verificar y evaluar los procesos de producción de productos aeronáuticos que se requieran para el servicio de la Aviación de Estado, conforme con el Parte 21 (RACAE 21) “Certificación de Productos Aeronáuticos y Reconocimiento Organizaciones de Diseño y Producción”, la normatividad vigente aplicable y los datos de diseño aprobados.
04/ago/2025;DE-AAAES-PR-010;PROCEDIMIENTO GESTION DE LAS DIFICULTADES EN SERVICIO DEL PRODUCTO AERONÁUTICO;Establecer las actividades para la gestión de las dificultades en servicio de los productos aeronáuticos certificados por la Autoridad Aeronáutica de Aviación de Estado (AAAES) de acuerdo a los lineamientos del Reglamento Aeronáutico Colombiano Aviación de Estado (RACAE) Parte 21 que, por su naturaleza, generalidad, persistencia u otros sucesos puedan afectar o causar efectos adversos en el mantenimiento de la aeronavegabilidad y la seguridad operacional de las aeronaves de la Aviación de Estado. 
09/abr/2026;DE-AAAES-PR-017;PROCEDIMIENTO VALIDACIÓN DE ENSAYOS PARA COMPONENTES AERONÁUTICOS;Establecer las actividades que deben seguirse para la validación de ensayos aplicables a componentes basados en estándares normativos, con el fin de verificar el cumplimiento de requisitos de funcionalidad, seguridad y desempeño, al servicio de la aviación de estado y bajo la supervisión de la AAAES.
07/may/2020;DE-AYUGE-FR-021;FORMATO ACTA GENERAL;Orden del dia, desarrollo, firmas del acta
26/feb/2020;DE-AYUGE-PR-016;PROCEDIMIENTO DE ORGANIZACIÓN REGISTROS HISTÓRICOS PROGRAMA DE DOCUMENTOS VITALES Y ESENCIALES PGD;manejo del archivo documental de los Expedientes de Aeronaves (Registros Históricos, Sistema ART, Componentes Aeronáuticos y Simuladores de Vuelo que desarrollan operaciones en la Fuerza Aérea) de carácter RESERVADO en la Dirección Logística Aeronáutica de la Fuerza Aérea Colombiana (DILOA).
08/dic/2010;DO-160;Environmental Conditions and Test Procedures for Airborne Equipment;Pruebas de medio ambiente, Section 4.0 – Temperature and Altitude, Section 5.0 – Temperature Variation, Section 6.0 – Humidity, Section 7.0 – Operational Shocks and Crash Safety, Section 8.0 – Vibration, Section 9.0 – Explosive Atmosphere, Section 10.0 – Waterproofness, Section 11.0 – Fluids Susceptibility, Section 12.0 – Sand and Dust, Section 13.0 – Fungus Resistance, Section 14.0 – Salt Fog, Section 15.0 – Magnetic Effect, Section 16.0 – Power Input, Section 17.0 – Voltage Spike, Section 18.0 – Audio Frequency Conducted Susceptibility – Power Inputs, Section 19.0 – Induced Signal Susceptibility, Section 20.0 – Radio Frequency Susceptibility (Radiated and Conducted), Section 21.0 – Emission of Radio Frequency Energy, Section 22.0 – Lightning Induced Transient Susceptibility, Section 23.0 – Lightning Direct Effects, Section 24.0 – Icing, Section 25.0 – Electrostatic Discharge, Section 26.0 – Fire and Flammability
05/ene/2012;DO-178C;Software Considerations in Airborne Systems and Equipment Certification;Como crear el software de forma segura hasta su certificación, clasificación en 5 niveles A-Catastrófico, B-Peligroso, C-Mayor, D-Menor, E-Sin efectos
22/jun/2023;DO-220B;Minimum Operational Performance Standards (MOPS) For Airborne Weather Radar Systems;DO-220B adds requirements and test procedures for a high-altitude ice crystal detection function for airborne weather radar. . Any of these functions may be implemented individually or in combination with any others. This document has been designed such that the requirements and test procedures for each function are grouped into distinct sections to facilitate testing and showing of compliance.
19/abr/2000;DO-254;Design Assurance Guidance for Airborne Electronic Hardware;Planeación, validación y diseño de hardware
08/nov/2005;DO-297;Integrated Modular Avionics (IMA) Development Guidance and Certification Considerations;DO-297 contains guidance for Integrated Modular Avionics (IMA) developers, application developers, integrators, certification applicants, and those involved in the approval and continued airworthiness of IMA systems in civil certification projects. It is focused on IMA-specific aspects of design assurance. IMA is described as a shared set of flexible, reusable, and interoperable hardware and software resources that, when integrated, form a platform that provides services, designed and verified to a defined set of requirements, to host applications performing aircraft functions. The primary industry-accepted guidance for satisfying airworthiness requirements for IMA components is included and it describes application properties as they relate to their integration with a platform.
06/ago/2014;DO-326A;Airworthiness Security Process Specification;This updated document is issued in parallel with DO-355 to address developmental and continuing airworthiness concerns. The guidance is intended to augment current guidance for aircraft certification to handle the threat of intentional unauthorized electronic interaction to aircraft safety. It adds data requirements and compliance objectives, as organized by generic activities for aircraft development and certification. The document is the core document of a series of documents on Aeronautical Systems Security that together will address information security for the overall Aeronautical Information System Security (AISS) of airborne systems with related ground systems and environment. It is intended to be used in conjunction with other applicable guidance material referenced.
13/dic/2011;DO-330;Software Tool Qualification Considerations;Software tools are widely used in multiple domains to assist in developing, verifying and controlling other software. In the context of this document a tool is a computer program or a functional part thereof, used to help develop, transform, test, analyze, produce or modify another program, its data or its documentation. Examples are automated code generators, compilers, test tools and modification management tools. This document explains the process and objectives for qualifying tools. This document provides software tool qualification guidance. Additionally, clarification material is provided in the form of Frequently Asked Questions (FAQs).
13/dic/2011;DO-331;Model Based Development and Verification Supplement to DO-178C and DO-278A;This supplement contains modifications and additions to DO- 178C and DO-278A objectives, activities, explanatory text and software life cycle data that should be addressed when model-based development and verification are used as part of the software life cycle. This includes the artifacts that would be expressed using models and the verification evidence that could be derived from them. Therefore, this supplement also applies to the models developed in the system process that define software requirements or software architecture. A model is an abstract representation of a set of software aspects of a system that is used to support the software development process or the software verification process. This supplement addresses model(s) that have the following characteristics: - The model is completely described using an explicitly identified modeling notation. The modeling notation may be graphical and/or textual. - The model contains software requirements and/or software architecture definition. - The model is of a form and type that is used for direct analysis or behavioral evaluation as supported by the software development process or the software verification process.
13/dic/2011;DO-332;Object Oriented Technology and Related Techniques Supplement to DO-178C and DO-278A;This supplement identifies the additions, modifications and deletions to DO-178C and DO-278A objectives when object-oriented technology or related techniques are used as part of the software development life cycle and additional guidance is required. This supplement, in conjunction with DO-178C, is intended to provide a common framework for the evaluation and acceptance of object-oriented technology (OOT) and related techniques (RT)-based systems. OOT has been widely adopted in non-critical software development projects.
13/dic/2011;DO-333;Formal Methods Supplement to DO-178C and DO-278A;This supplement identifies the additions, modifications and substitutions to DO-178C and DO-278A objectives when formal methods are used as part of a software life cycle, and the additional guidance required. It discusses those aspects of airworthiness certification that pertain to the production of software,using formal methods for systems approved using DO-178C. Formal methods are mathematically-based techniques for the specification, development and verification of software aspects of digital systems. The mathematical basis of formal methods consists of formal logic, discrete mathematics and computer-readable languages. The use of formal methods is motivated by the expectation that, as in other engineering disciplines, performing appropriate mathematical analyses can contribute to establishing the correctness and robustness of a design.
10/sep/2020;DO-355A;Information Security Guidance for Continuing Airworthiness;The guidance provided by this joint document is intended to constitute an Acceptable Means of Compliance for approving information security aspects of Continuing Airworthiness activities performed by Design Approval Holders and Operators. This document provides guidance for the operation and maintenance of aircraft and for organizations and personnel involved in these tasks. It is intended to support the responsibilities of the Design Approval Holder (DAH) to obtain a valid airworthiness certificate and aircraft operators to maintain their aircraft to demonstrate that the effects on the safety of the aircraft of information security threats are confined within acceptable levels. As all information security threats may have an intentional origin, this document also covers Intentional Unauthorized Electronic Interaction (IUEI).
23/sep/2014;DO-356;Airworthiness Security Methods and Considerations;This document was developed in the context of DO-326A "Airworthiness Security Process Specification" which addresses type certification considerations during the first three life cycle stages of an aircraft type (Initiation, Development or Acquisition, and Implementation) and DO-355, "Information Security Guidance for Continuing Airworthiness" which addresses airworthiness security for continued airworthiness. The methods and considerations of this document address the assessment of the acceptability of the airworthiness security risk and the design and verification of the airworthiness security attributes as related to system safety and airworthiness. More specifically, this guidance addresses the following areas: - It provides guidance for accomplishing the activities identified in DO-326A in the areas of Security Risk Assessment and Effectiveness Assurance. - It provides specific methods for Security Risk Analysis and Network Security Domains. The document is intended to be used in conjunction with other applicable guidance material, including SAE ARP 4754A, SAE ARP 4761, DO-178C, and DO-254 and with the advisory material associated with FAA AC 25.1309-1A and EASA AMC 25.1309, in the context of Part 25 for Transport Category Airplanes which include an approved passenger seating configuration of more than 19 passenger seats. This guidance is not intended for CFR Parts 23, 27, 29, 33.28, and 35.15, normal, utility, acrobatic, and commuter category airplanes, normal category rotorcraft, transport category rotorcraft, engines, and propellers.
16/dic/2014;DO-357;User Guide Supplement to DO-160G;The purpose of this document is to provide users of DO-160G additional background information for the associated test procedures and requirements in DO-160G. This information includes rationale for requirements, guidance in applying the requirements, commentary, possible trouble shooting techniques, and lessons learned from laboratory experience. This User Guide is provided for guidance purposes and does not contain requirements. This information is intended to help users understand the objective and rationale behind the requirements, and to help users develop detailed test procedures based on the general test procedures in this document. It is highly recommended that detailed discussion will take place between the equipment manufacturer and the equipment installer during the development of the test plan.
28/oct/2016;Doc 9625;Manual of Criteria for the Qualification of Flight Simulation Training Devices;This manual addresses the use of Flight Simulation Training Devices (FSTDs) representing aeroplanes (Volume I) and helicopters (Volume II). The methods, procedures and testing standards contained in this manual are the result of the experience and expertise provided by Civil Aviation Authorities (CAA) and aeroplane and FSTD operators and manufacturers. ICAO OACI
26/feb/2026;Doc 9760;Airworthiness Manual;5th This manual provides guidance to States on the establishment of an airworthiness inspection organization to meet their obligation under the Convention on International Civil Aviation to ensure that the aircraft on their registers are maintained in an airworthy condition. It also provides guidance to operators and State authorities on procedures for maintaining the airworthiness of aircraft. Technical guidance material on specific airworthiness topics is included to assist in the uniform implementation of Annex 8 - Airworthiness of Aircraft and in the development of a State's national regulations.
28/ene/2019;Doc 9859;Manual de gestión de la seguridad operacional;Esta edición tiene por objeto apoyar a los Estados en la implementación de programas estatales de seguridad operacional (SSP) eficaces. Esto comprende asegurar que los proveedores de servicios implantan sistemas de gestión de la seguridad operacional (SMS) con arreglo a las disposiciones del Anexo 19. A efectos de ser coherentes con los principios de gestión de la seguridad operacional, se ha realizado un esfuerzo concertado para centrarse en el  resultado previsto de cada norma y método recomendado evitando expresamente ser demasiado prescriptivo. Se ha hecho hincapié en la importancia de que cada organización adapte la implementación de la gestión de la seguridad operacional a su entorno específico. ICAO OACI
13/mar/2008;DoD 4145.26;DOD Contractor’s Safety Manual For Ammunition and Explosives;This Manual provides safety requirements, guidance and information to minimize potential accidents that could interrupt Department of Defense (DoD) operations, delay DoD contract production, damage DoD property, cause injury to DoD personnel, or endanger the public during DoD contract work or services involving ammunition and explosives (AE). The Manual contains the minimum contractual safety requirements to support DoD objectives. These requirements are not a complete safety program, and this Manual does not relieve a contractor from complying with Federal, State, interstate, and local laws and regulations INSTALACIONES
01/jul/1999;DoD 6055.9-STD;Ammunition and Explosives Safety Standards;It establishes uniform safety standards applicable to ammunition and explosives, to associated personnel and property, and to unrelated personnel and property exposed to the potential damaging effects of an accident involving ammunition and explosives during their development, manufacturing, testing, transportation, handling, storage, maintenance, demilitarization, and disposal.
01/mar/2021;ED-286;OSED for Counter-UAS in controlled airspace;DO-389 In the context recalled in the previous section, the scope of this Operational Services and Environment Definition (OSED) is to introduce the overall capability of a C-UAS System, including the detection capabilities of unauthorized UAS in a protected area of influence around an airport and address the resulting hazard or threat, in a risk-based balanced manner. While focus is on the protection of airports, associated air traffic and surroundings, similar situations in different environments might also be considered, such as flight operation around critical infrastructure, over urban areas, major events or mass gatherings. Threats considered in this document are the unauthorized UAS, conducting errant operations (i.e. malfunctions, clueless or careless operators) or malicious operations (i.e., intentional, criminal operators). The OSED document provides a detailed description of the operational services of a C-UAS system, and the environment in which such a system will operate. It proposes operational requirements and associated assumptions that will be further detailed in the complementary standard documents: Safety and Performance Requirements (SPR) and Interoperability Requirements (INTEROP).
01/dic/2023;ED-322;System Performance and Interoperability Requirements for Non-Cooperative UAS Detection Systems WG-115;This document describes the system performance and interoperability requirements for non-cooperative UAS detection systems in airport environments. The document is intended to summarise the different aspects of the Counter UAS (C-UAS) system and to have a better understanding of the C-UAS system components at the detection level. This document will identify performance requirements parameters of the Counter UAS detection system as it has been defined in the ED 286 / DO-389 Operational Services and Environment Definition (OSED) for Counter UAS in Controlled Airspace. EUROCAE
01/may/2020;EDAES 2042;Estrategia para el Desarrollo Aéreo y Espacial de la FAC;El presente documento describe dicho planteamiento en cuatro partes. Primero, se presenta el marco estratégico que permite entender la naturaleza y alcance de la misión, visión, principios, valores, virtudes y políticas que fundamentan los esfuerzos institucionales. Segundo, se desarrolla la estructura organizacional, y se especifican las áreas misionales, capacidades institucionales y oferta de valor de la Fuerza, así como, la identificación y caracterización de los grupos de valor que permiten identificar los requerimientos de los ciudadanos, usuarios y grupos de interés, ajustando y fortaleciendo con ello las capacidades de la institución para responder satisfactoriamente a los requerimientos de estos grupos. Tercero, se expone el plan de desarrollo de la FAC, que se apoya en análisis prospectivos y permite definir los escenarios que podrían presentarse para la Fuerza en los años 2022, 2030 y 2042. Finalmente, en la cuarta parte se presenta el plan estratégico 2022, que define los objetivos e iniciativas estratégicas para el cuatrienio, en línea con el direccionamiento estatal y sectorial.
05/abr/2002;FAA 8120-2C;PRODUCTION APPROVAL AND CERTIFICATE MANAGEMENT PROCEDURES;This order contains guidance related to production approvals and certificate management (CM) of manufacturers of type-certificated products, technical standard order articles, and replacement and modification parts, including Manufacturer's Maintenance Facilities established therein, to ensure fair and uniform administration of the pertinent Title 14 Code of Federal Regulations (14 CFR), part 21, Certification Procedures for Products and Parts (part 21).
01/feb/2014;FAA 8130-3;Authorized Release Certificate, Airworthiness Approval Tag;This order establishes procedures for accomplishing original and recurrent airworthiness certification of aircraft and related products. The procedures contained in this order apply to Federal Aviation Administration (FAA) manufacturing aviation safety inspectors (ASI), to FAA airworthiness ASIs, and to private persons or organizations delegated authority to issue airworthiness certificates and related approvals.
17/mar/2017;FAA 8150.1D;Technical Standard Order Program;This order explains how to evaluate and issue technical standard order (TSO) authorizations (TSOA) and letters of TSO design approval (LODA) for aviation-related articles.
03/nov/2023;FAA-H-8083-25C;Pilot's Handbook of Aeronautical Knowledge;The Pilot’s Handbook of Aeronautical Knowledge provides basic knowledge for the student pilot learning to fly, as well as pilots seeking advanced pilot certification. For detailed information on a variety of specialized flight topics, see specific Federal Aviation Administration (FAA) handbooks and Advisory Circulars (ACs).
24/may/2022;FAA-H-8083-2A;Risk Management Handbook;This handbook is a tool designed to help recognize and manage risk. It provides a higher level of training to the pilot in command (PIC) who wishes to aspire to a greater understanding of the aviation environment and become a better pilot. This handbook is for pilots of all aircraft from weight-shift control (WSC) to a Piper Cub, a Twin Beechcraft, or a Boeing 747. A pilot's continued interest in building skills is paramount for safe flight and can assist in rising above the challenges which pilots of all backgrounds and experience levels face. PAVE checklist: Pilot, Aircraft, enVironment, External pressures.
21/jul/2023;FAA-H-8083-30B;Aviation Maintenance Technician Handbook–General;The handbook is designed to aid students enrolled in a formal course of instruction preparing for FAA certification as a maintenance technician as well as for current technicians who wish to improve their knowledge. This volume contains information on mathematics, aircraft drawings, weight and balance, aircraft materials, processes and tools, physics, electricity, inspection, ground operations, and FAA regulations governing the certification and work of maintenance technicians. New to this volume is a section addressing how successful aviation maintenance technicians incorporate knowledge and awareness of ethics, professionalism and human factors in the field. AIRFRAME & POWERPLANT
30/dic/2016;FAR Part 23;Airworthiness Standards: Normal Category Airplanes;Continued safe flight and landing   means an airplane is capable of continued controlled flight and landing, possibly using emergency procedures, without requiring exceptional pilot skill or strength. Upon landing, some airplane damage may occur as a result of a failure condition.
24/dic/1964;FAR Part 25;Airworthiness Standards: Transport Category Airplanes;The passenger capacity may not exceed 60.
24/nov/1964;FAR Part 27;Airworthiness Standards: Normal Category Rotorcraft;This part prescribes airworthiness standards for the issue of type certificates, and changes to those certificates, for normal category rotorcraft with maximum weights of 7,000 pounds or less and nine or less passenger seats.
03/dic/1964;FAR Part 29;Airworthiness Standards: Transport Category Rotorcraft;Rotorcraft with a maximum weight greater than 20,000 pounds and 10 or more passenger seats must be type certificated as Category A rotorcraft.
18/abr/2022;GA-CEOAF-INS-009;REMOCION CONTROLADA DE PARTES;Se prohíbe efectuar la remoción de cualquier componente de una aeronave de la FAC para ser instalada en otra aeronave, sin la elaboración del formato GA-CODAF-FR-001, generada por medio de la transacción ZPM108, así como su respectiva anotación en la forma FAC 4-282T-1
31/dic/1993;IEEE P1220;Standard for system engineering-a commercial standard for improving competitiveness;The IEEE organized a standards group in December, 1989 to establish an industry-based standard for systems engineering. The standard's development is nearing completion, and provides a common framework for understanding systems engineering as established by MIL-STD-499B, Systems Engineering (draft). Many enterprises support both defense and commercial endeavors, and strive to establish a common approach for orchestrating its programs independent of the target customer. Thus, it is necessary to establish a common understanding and interpretation of these standards to permit companies to establish a single system engineering program which satisfies the requirements of both communities. A framework for establishing such a system engineering program is discussed, and the elements of the system engineering process defined.
14/dic/2023;IPC 2221C;Generic Standard on Printed Board Design;IPC-2221C is the foundation design standard for all documents in the IPC-2220 series. It establishes the generic requirements for the design of printed boards and other forms of component mounting or interconnecting structures, whether single-sided, double-sided or multilayer. Among the many updates to Revision C are new guidance and requirements on material and copper foil selection  https://shop.electronics.org/ipc-2221/ipc-2221-standard-only
28/sep/2023;IPC-6012F;Qualification and Performance Specification for Rigid Printed Boards;IPC-6012F, covers qualification and performance of rigid printed boards, including single-sided, double-sided, with or without plated-through holes, multilayer with or without blind/buried vias and metal core boards. It addresses final finish and surface plating coating requirements, conductors, holes/vias, frequency of acceptance testing and quality conformance as well as electrical, mechanical.
01/jul/2010;IPC-7351B;Generic Requirements for Surface Mount Design and Land Pattern Standard;This popular document covers land pattern design for all types of passive and active components, including resistors, capacitors, MELFs, SOPs, QFPs, BGAs, QFNs and SONs. The standard provides printed board designers with an intelligent land pattern naming convention, zero component rotations for CAD systems and three separate land pattern geometries for each component that allow the user to select.
04/abr/2024;IPC-A-610J;Acceptability for Electronic Assemblies;IPC-A-610J is the most widely used electronics assembly acceptance standard in the electronics industry. Participants from 31 countries provided their input and expertise to bring this document to the electronics industry. IPC-A-610J is a must-have standard for inspectors, operators and others with an interest in the acceptance criteria for electronic assemblies. IPC-A-610 is developed in synergy.
14/sep/2001;JTA-A;Joint Technical Architecture User Guide and Component JTA Management Plan;The User Guide and Management Plan was developed to help explain the structure and rationale for the organization of the JTA. It addresses how and when to use a mandated or emerging standard, related DoD policies, and JTA compliance guidelines. It explains how to use the JTA in the development of new systems, and it provides a methodology for migrating existing legacy systems undergoing major upgrades into compliance with the JTA. In addition, Service and Agency implementation plans are discussed, as well as the subject of waivers. While this document applies specifically to the JTA Version 4.0, most of the guidance can also be applied to earlier versions.
12/ago/2008;MIL-DTL-5015H;CONNECTORS, ELECTRICAL, CIRCULAR THREADED, AN TYPE, GENERAL SPECIFICATION FOR;This specification covers circular threaded electrical connectors with solder or removable crimp contacts (both front and rear release). These connectors are for use in electronic, electrical power, and control circuits.
13/jul/1997;MIL-E-16400H;ELECTRONIC, INTERIOR COMMUNICATION AND NAVIGATION EQUIPMENT, NAVAL SHIP AND SHORE: GENERAL SPECIFICATION FOR;This specification covers Naval ship and shore electronic, interior communication and navigation equipment, and those units of other Naval ship and shore equipment that utilize electronic technology (see 6.1). Guidance is provided in 6.4.1 for the selective application and tailoring of requirements to the equipment development phase and the equipment installation site.
28/mar/1991;MIL-HDBK-1388-2B;REQUIREMENTS FOR A LOGISTIC SUPPORT ANALYSIS RECORD;This standard prescribes the data element definitions (DED), data field lengths, and formats for Logistic Support Analysis (LSA) Record (LSAR) data. It identifies the LSAR reports that are generated from the LSAR data and identifies the LSAR relational tables and automated data processing (ADF) specifications for transmittal and delivery of automated LSAR data.
03/jul/2002;MIL-HDBK-1530B;AIRCRAFT STRUCTURAL INTEGRITY PROGRAM, GENERAL GUIDELINES FOR (ASIP);This handbook contains general guidelines for the U.S. Air Force Aircraft Structural Integrity Program (ASIP). These guidelines describe the processes proven successful in the achievement of structural integrity in USAF air vehicles while the cost of ownership is minimized, and cost and schedule risks managed through a series of disciplined, time-phased tasks. This handbook is for guidance only. This handbook cannot be cited as a requirement. If it is, the contractor does not have to comply.
07/dic/2007;MIL-HDBK-1670;ENVIRONMENTAL CRITERIA AND GUIDELINES FOR AIR-LAUNCHED WEAPONS;This handbook establishes guidelines for the development of environmental engineering design and test requirements for air-launched weapons.
15/jun/1998;MIL-HDBK-1763;AIRCRAFT/STORES COMPATIBILITY: SYSTEMS ENGINEERING DATA REQUIREMENTS AND TEST PROCEDURES;This handbook applies to all agencies within the DoD and industry involved with determining the extent of compatibility between military aircraft and aircraft stores. It applies to every activity of the system life cycle involving aircraft and/or stores including: development, manufacturing, deployment, operations, support, training and disposal.
14/feb/1997;MIL-HDBK-1791;DESIGNING FOR INTERNAL AERIAL DELIVERY IN FIXED WING AIRCRAFT;This standard covers general design and performance requirements of military equipment for internal air transport in military prime mission cargo aircraft and long range international segment of the Civil Reserve Air Fleet (CRAF).
02/dic/1991;MIL-HDBK-217F;RELIABILITY PREDICTION OF ELECTRONIC EQUIPMENT;establish and maintain consistent and uniform methods for estimating the inherent reliability (i.e., the reliability of a mature design) of military electronic equipment and systems. It provides a common basis for reliability predictions during acquisition programs for military electronic systems and equipment. It also establishes a common basis for comparing and evaluating reliability predictions of related or competitive designs. The handbook is intended to be used as a tool to increase the reliability of the equipment being designed.
10/mar/2011;MIL-HDBK-240A;HAZARDS OF ELECTROMAGNETIC RADIATION TO ORDNANCE (HERO) TEST GUIDE;This handbook supplements MIL-STD-464 by providing guidance for the assessment of the Hazards of Electromagnetic Radiation to Ordnance (HERO) verification margins in that standard. It is concerned with HERO testing for all Air Force, Army, Navy, Marine Corps, and Coast Guard ordnance items and support equipment for all mission areas. Although intended primarily for use by Department of Defense (DoD) HERO test activities, the handbook also provides a consolidation of "corporate knowledge" about the subject that should be of interest to procurement authorities and system developers
06/abr/1990;MIL-HDBK-244A;GUIDE TO AIRCRAFT/STORES COMPATIBILITY;The handbook is intended to cover all aspects of aircraft/weapons compatibility: mechanical, electrical, structural, aerodynamic, etc. These are dealt with individually as they relate to various elements of the complete system. The material has been organized to present design guidelines for the five general categories of weapon system components: aircraft, suspension equipment, stores, stores management equipment, and ground support equipment. This information deals with compatibility of the components while the system is on the ground, in flight, and during weapon delivery.
14/nov/2011;MIL-HDBK-274;ELECTRICAL GROUNDING FOR AIRCRAFT SAFETY;This handbook has been prepared to provide U.S. Navy and Marine Corps aircraft maintenance and operations personnel with the background and technical details of the different types of aircraft grounds and how they are applied. In addition, this handbook provides background information for aircraft grounding, static electricity theory and how it affects aircraft, and techniques used for measurement of grounding points. This handbook is intended for use by all U.S. Navy and Marine Corps aircraft maintenance and operations personnel for the purposes of ensuring that aircraft are properly and safely grounded.
15/may/1990;MIL-HDBK-411;POWER AND THE ENVIRONMENT FOR SENSITIVE DOD ELECTRONIC EQUIPMENT;This three-volume handbook is a reference for the planning and engineering of power and environmental control systems for fixed Department of Defense (DOD) communications, data processing, and information systems facilities. The engineering concepts contained herein should be selectively applied to the power and environmental elements of DOD fixed facilities. DOD communications and data processing installations include equipment rooms and spaces needing more precisely controlled environments than comfort spaces.
29/dic/1987;MIL-HDBK-419A;GROUNDING: BONDING, AND SHIELDING FOR ELECTRONIC EQUIPMENTS AND FACILITIES, VOLUME 1 (BASIC THEORY) AND VOLUME 2 (APPLICATION);This handbook emphasizes the necessity for including considerations of grounding, bonding, and shielding in all phases of design, construction, operation, and maintenance of electronic equipment and facilities. Volume 1, Basic Theory, develops the principles of personnel protection, fault protection, lightning protection, interference reduction, and EMP protection for C-E facilities. In addition, the basic theories of earth connections, signal grounding, electromagnetic shielding, and electrical bonding are presented. The subjects are not covered independently, rather they are considered from the standpoint of how they influence the design of the earth electrode subsystem of a facility, the selection of ground reference networks for equipments and structures, shielding requirements, facility and equipment bonding practices, etc. Volume 1 also provides the basic background of theory and principles that explain the technical basis for the recommended practices and procedures, illustrates the necessity for care and thoroughness in implementation of grounding, bonding, and shielding, and provides supplemental information to assist in the solution of those problems and situations not specifically addressed. In Volume 2, Applications, the principles and theories, including RED/BLACK protection, are reduced to the practical steps and procedures which are to be followed in structural and facility development, electronic engineering, and in equipment development. These applications should assure personnel, equipment and structural safety, minimize electromagnetic interference (EMI) problems in the final operating system, and minimize susceptibility to and generation of undesirable emanations. The emphasis in Volume 2 goes beyond development to assembly and construction, to installation and checkout, and to maintenance for long term use.
15/abr/2007;MIL-HDBK-454B;GENERAL GUIDELINES FOR ELECTRONIC EQUIPMENT;This handbook is the technical baseline for the design and construction of electronic equipment for the Department of Defense. It captures in one document, under suitable subject heading, fundamental design guidelines for multiple general electronic specifications. The opportunity to focus on a single document, afforded to contractors, results in substantial savings to the Government. This handbook was prepared by, and is regularly updated through, the cooperative efforts of Government and industry. The documents listed below are not necessarily all of the documents referenced herein, but are those needed to understand the information provided by this handbook. (i) DOD-E-8983 Electronic Equipment, Aerospace, Extended Space Environment, General Specification for., (ii) MIL-F-18870 Fire Control Equipment, Naval Ship and Shore, General Specification for., (iii) MIL-PRF-28800 Test Equipment for Use with Electrical and Electronic Equipment, General Specification for., and (iv) MIL-HDBK-2036 Electronic Equipment Specifications, Preparation of.
12/dic/2014;MIL-HDBK-516C;AIRWORTHINESS CERTIFICATION CRITERIA;This document establishes the airworthiness certification criteria to be used in the determination of airworthiness of all manned and unmanned, fixed and rotary wing air vehicle systems. It is a foundational document to be used by the system program manager, chief engineer, and contractors to define their air system's airworthiness certification basis.
20/nov/2018;MIL-HDBK-522;GUIDELINES FOR INSPECTION OF AIRCRAFT ELECTRICAL WIRING INTERCONNECT SYSTEMS;This handbook provides guidance and lessons learned in the inspection of EWIS. This handbook is for guidance only and cannot be cited as a requirement. If it is, the contractor does not have to comply. This handbook is a guide for aircraft Electrical Wiring Interconnect System (EWIS) inspection. In case of conflict between the aircraft/platform-specific maintenance manual and this handbook, the platform specific manual will take precedence. Not all possible wire systems factors have been addressed. This handbook captures in one document, under suitable subject heading, fundamental installation criteria guidelines. The opportunity to focus on a single document results in substantial savings to the Government. All aircraft are filled with miles of wiring and hundreds of wiring devices that connect and transfer power and signals to and from electrical components. Virtually all aircraft systems rely heavily on some type of wiring for safe operation. Much like the structural components of an aircraft, the health and integrity of the EWIS can be significantly compromised due to premature aging, damage, and failure of wiring insulation. It is integral to the overall maintenance and sustainment of all aircraft that the EWIS be treated as a system and as a system be afforded the same level of importance as the aircraft structure and other critical flight control systems
30/nov/1995;MIL-HDBK-5400;MILITARY HANDBOOK: ELECTRONIC EQUIPMENT, AIRBORNE, GENERAL GUIDELINES FOR;This handbook contains general guidelines for electronic equipment for operation in piloted aircraft and helicopters, missiles, boosters and allied vehicles. Detail electrical and mechanical design, performance and test requirements should be as specified in the detail specification or contract.
31/ene/2003;MIL-HDBK-5J;METALLIC MATERIALS AND ELEMENTS FOR AEROSPACE VEHICLE STRUCTURES;Design information on the strength properties of metallic materials and elements for aerospace vehicle structures. All information and data contained in this handbook have been coordinated with the Air Force, Army, Navy, Federal Aviation Administration, and industry prior to publication, and are being maintained as a joint effort of the Federal Aviation Administration and the Department of Defense. This Handbook is primarily intended to provide a source of design mechanical and physical properties, and joint allowables.
07/abr/2020;MIL-HDBK-61B;CONFIGURATION MANAGEMENT GUIDANCE;This military handbook provides guidance and best practices on how Program Managers (PM), systems engineers, logistics managers, and other individuals assigned responsibility for Configuration Management (CM) perform and contract for CM. Its purpose is to provide for guidance in planning and implementing effective Department of Defense (DoD) CM activities and practices during the life cycle of the defense systems. This handbook is intended to cover the DoD specific management activities related to acquisition and sustainment throughout the system’s lifecycle. This handbook is for guidance only and cannot be cited as a requirement.
31/jul/1995;MIL-HDBK-759;HUMAN ENGINEERING DESIGN GUIDELINES;This document provides basic guidelines and data on human engineering design for military systems, equipment, and facilities. This handbook has been designed to supplement MIL-STD-1472D.
12/ene/1990;MIL-HDBK-764;SYSTEM SAFETY ENGINEERING DESIGN GUIDE FOR ARMY MATERIEL;The basic Army safety goal, as expressed in Army Regulation (AR) 385-10 (Ref 1), is to minimize the loss of resources caused by preventable accidents and injuries.
30/jun/1955;MIL-P-16594;MILITARY SPECIFICATION: PROJECTILES, BOMBS, ROCKETS, AND GUIDED MISSILE WARHEADS, INERT PARTS, MANUFACTURE OF;This specification covers general requirements for the manufacture of the inert parts of projectiles, bombs, rockets (rocket heads and rocket motors), and guided missile warheads for the U.S. Navy. STATUS Inactive
21/abr/2011;MIL-PRF-29595A;PERFORMANCE SPECIFICATION: BATTERIES AND CELLS, LITHIUM, AIRCRAFT, GENERAL SPECIFICATION;This specification covers the general requirements for secondary (rechargeable) storage batteries of lithium electrochemistry including, but not limited to, lithium-ion, gel- polymer lithium-ion, and lithium polymer.
01/mar/1999;MIL-PRF-81757D;BATTERIES AND CELLS, STORAGE, NICKEL-CADMIUM, AIRCRAFT, GENERAL SPECIFICATION;General requirements for rechargeable, vented, nickel-cadmium aircraft storage batteries, cells, and all components (electrical and non-electrical) thereof
01/may/1996;MIL-PRF-9977K;PERFORMANCE SPECIFICATION MANUALS, TECHNICAL AND CHECKLISTS: MUNITIONS/WEAPONS LOADING PROCEDURES, NONNUCLEAR AND NUCLEAR AND PACKAGES, STANDARD DATA: MUNITIONS LOADING PROCEDURES, NONNUCLEAR;Requirements for preparation of manuals and checklists for loading/unloading nuclear weapons and nonnuclear munitions on aircraft, and for checking various armament systems used to control/release/fire munitions and weapons that are approved for loading on an aircraft.
24/sep/2003;MIL-STD-1289D;AIRBORNE STORES GROUND FIT AND COMPATIBILITY, REQUIREMENTS;The compatibility qualities of every airborne store undergoing test will be demonstrated in accordance with the provisions of this standard, unless specific deviations are noted and waivers are authorized by appropriate service authority or unless special requirements are specified by the development agency. Stores include missiles, rockets, bombs, nuclear weapons, mines, torpedoes, sonobouys, drones, pyrotechnic devices, detachable fuel and spray tanks, line-source disseminators, dispensers, pods (refueling, thrust augmentation, gun, laser designator, electronic countermeasures, store control data link, reconnaissance, etc.), targets, cargo-drop containers, and launchers such as missile and rocket launchers.
26/sep/1988;MIL-STD-1290;LIGHT FIXED AND ROTARY WING AIRCRAFT CRASH RESISTANCE;This document establishes minimum crash resistance criteria for implementation in the initial stages of aircraft system design.
10/jul/1998;MIL-STD-1316E;DESIGN CRITERIA STANDARD: FUZE DESIGN, SAFETY CRITERIA FOR;This standard establishes design safety criteria for fuzes and Safety and Arming (S&A) devices that are subsystems of fuzes.
15/sep/2020;MIL-STD-1472H;DESIGN CRITERIA STANDARD: HUMAN ENGINEERING;This standard establishes general human engineering criteria for design and development of military systems, equipment, and facilities. Its purpose is to present human engineering design criteria, principles, and practices to be applied in the design of systems, equipment, and facilities.
21/sep/1978;MIL-STD-1553;AIRCRAFT INTERNAL TIME DIVISION COMMAND/RESPONSE MULTIPLEX DATA BUS;This standard establishes requirements for digital, command/response, time division multiplexing (Data Bus) techniques on aircraft. It encompasses the data bus line and its interface electronics illustrated on Figure 1, and also defines the concept of operation and information flow on multiplex data bus and the electrical and functional formats to be employed.
24/nov/1980;MIL-STD-1629A;PROCEDURES FOR PERFORMING A FAILURE MODE, EFFECTS, AND CRITICALITY ANALYSIS;This standard establishes requirements and procedures for performing a failure mode, effects, and criticality analysis (FMECA) to systematically evaluate and document, by item failure mode analysis, the potential impact of each functional or hardware failure on mission success, personnel and system safety, system performance, maintainability, and maintenance requirements.
24/oct/2007;MIL-STD-1760E;AIRCRAFT/STORE ELECTRICAL INTERCONNECTION SYSTEM;This standard defines implementation requirements for the Aircraft/Store Electrical (and fiber optic) Interconnection System (AEIS) in aircraft and stores.
15/jun/1998;MIL-STD-1763;AIRCRAFT/STORES COMPATIBILITY: SYSTEMS ENGINEERING DATA REQUIREMENTS AND TEST PROCEDURES;This handbook applies to all agencies within the DoD and industry involved with determining the extent of compatibility between military aircraft and aircraft stores. It applies to every activity of the system life cycle involving aircraft and/or stores including: development, manufacturing, deployment, operations, support, training and disposal.
24/ene/2014;MIL-STD-1808C;SYSTEM SUBSYSTEM SUB-SUBSYSTEM NUMBERING;This standard sets forth requirements for the system, subsystem, and sub-subsystem numbering requirements for engineering drawings, technical manuals, and other acquisition and logistics support requirements for aircraft, missile and space systems, engines, and ground communication-electronic equipment. Additionally, it may be used for supportability analysis, configuration management, maintenance data collection, or wherever a consistent maintainability related reference numbering requirement exists across a weapon system. Similar al ATA100.
06/jun/2002;MIL-STD-1901A;MUNITION ROCKET AND MISSILE MOTOR IGNITION SYSTEM DESIGN, SAFETY CRITERIA;This standard establishes the design safety criteria for munition ignition systems and associated ignition safety devices used to arm and fire munition propulsion systems.
03/feb/1995;MIL-STD-1913;DIMENSIONING OF ACCESSORY MOUNTING RAIL FOR SMALL ARMS WEAPONS;This document establishes standard methods of dimensioning accessory mounting rails for small arms weapon systems. It also establishes uniform accessory mounting rails And requirements that are interchangeable among the different units of the Defense Department. Adherence to this standard is mandatory in the preparation of drawings, specifications or technical data packages for the accessory mounting rail used for small arms weapons.
01/abr/1996;MIL-STD-1916;TEST METHOD STANDARD: DOD PREFERRED METHODS FOR ACCEPTANCE OF PRODUCT;The purpose of this standard is to encourage defense contractors and other commercial organizations supplying goods and services to the U.S. Government to submit efficient and effective process control (prevention) procedures in place of prescribed sampling requirements. The goal is to support the movement away from an AQL-based inspection (detection) strategy to implementation of an effective prevention-based strategy including a comprehensive quality system, continuous improvement and a partnership with the Government. The underlying theme is a partnership between DoD and the defense supplier, with the requisite competence of both parties, and a clear mutual benefit from processes capable of consistently high quality products and services. The objective is to create an atmosphere where every noncompliance is an opportunity for corrective action and improvement rather than one where acceptable quality levels are the contractually sufficient goals.
30/mar/1979;MIL-STD-2100;PROPELLANT, SOLID, CHARACTERIZATION OF (EXCEPT GUN PROPELLANT);The purpose of this standard is to provide a compendium of standardized methods to determine the intrinsic physical, chemical and interface properties of a solid propellant or propellants proposed for use in tactical rockets, missiles, aircrew escape systems, or auxiliary devices.
08/mar/1991;MIL-STD-2105A;HAZARD ASSESSMENT TESTS FOR NON-NUCLEAR MUNITIONS;The purpose is to provide a framework for the development of a consolidated explosive safety and IM assessment test program for non-nuclear munitions. The tests are to characterize tJre munitions and provide the Weapon Systems Explosive Safety Review Board (WSESRB) information witi which to make a decision.
02/feb/2001;MIL-STD-3009;INTERFACE STANDARD: LIGHTING, AIRCRAFT, NIGHT VISION IMAGING SYSTEM (NVIS) COMPATIBLE;This standard establishes requirements for the emission characteristics of aircraft lighting and display equipment that is intended for use with night vision imaging systems (NVIS). It is applicable to all systems, subsystems, component equipment, and hardware that provide the lighting environment on aircraft where NVIS are employed. This document is applicable to NVIS specific performance requirements but it does not contain general lighting requirements. The contracting activity should extract and tailor applicable general lighting requirements from JSSG-2010-5 and include those requirements in the contract.
31/may/2017;MIL-STD-331D;TEST METHOD STANDARD: FUZES, IGNITION SAFETY DEVICES AND OTHER RELATED COMPONENTS, ENVIRONMENTAL AND PERFORMANCE TESTS FOR;determine the safety, reliability and performance characteristics of weapon initiation systems, ignition safety devices, fuzes and their components at any stage in their life cycle.
27/dic/1984;MIL-STD-453;INSPECTION, RADIOGRAPHIC;The purpose of this military standard is to prescribe the radiographic inspection requirements for metallic and nonmetallic materials.
11/dic/2015;MIL-STD-461G;REQUIREMENTS FOR THE CONTROL OF ELECTROMAGNETIC INTERFERENCE CHARACTERISTICS OF SUBSYSTEMS AND EQUIPMENT;establishes interface and associated verification requirements for the control of the electromagnetic interference (EMI) emission and susceptibility characteristics of electronic, electrical, and electromechanical equipment and subsystems designed or procured for use by activities and agencies of the Department of Defense
11/ene/1993;MIL-STD-462D;MEASUREMENT OF ELECTROMAGNETIC INTERFERENCE CHARACTERISTICS ;This standard establishes techniques to be used for the measurement and determination of the electromagnetic interference characteristics (emission and susceptibility) of electrical, electronic, and electromechanical equipment, as required by MIL-STD-461.
01/dic/2010;MIL-STD-464C;ELECTROMAGNETIC ENVIRONMENTAL EFFECTS;"This standard establishes electromagnetic environmental effects (E3) interface requirements and verification criteria for airborne, sea, space, and ground systems, including associated ordnance.
12/dic/2014;MIL-STD-516C;AIRWORTHINESS CERTIFICATION CRITERIA;This document establishes the airworthiness certification criteria to be used in the determination of airworthiness of all manned and unmanned, fixed and rotary wing air vehicle systems. It is a foundational document to be used by the system program manager, chief engineer, and contractors to define their air system\'s airworthiness certification basis.
12/mar/2004;MIL-STD-704F;AIRCRAFT ELECTRIC POWER CHARACTERISTICS;Requirements and characteristics of aircraft electric power provided at the input terminals of electric utilization equipment. MIL-HDBK-704-1 through-8 defines test methods and procedures for determining airborne utilization equipment compliance with the electric power characteristics requirements defined herein. Electromagnetic interference and voltage spikes are not covered by this standard.
06/may/1976;MIL-STD-709C;AMMUNITION COLOR CODING;This standard establishes a color coding system for ammunition with the exceptions of ammunition under 1.1.1.
31/ene/2019;MIL-STD-810H;ENVIRONMENTAL ENGINEERING CONSIDERATIONS AND LABORATORY TESTS;This Standard contains materiel acquisition program planning and engineering direction for considering the influences that environmental stresses have on materiel throughout all phases of its service life.
16/nov/2012;MIL-STD-8591A;DESIGN CRITERIA: STANDARD AIRBORNE STORES, SUSPENSION EQUIPMENT AND AIRCRAFT-STORE INTERFACE (CARRIAGE PHASE);This standard sets forth general structural and mechanical design criteria for airborne stores, suspension equipment and their associated interfaces. Provisions are included to promote interoperability among military aircraft of all Services of the Department of Defense and NATO members’ aircraft. Requirements are provided for design, analysis, and testing of airborne stores, suspension equipment and the aircraft-store interface during captive operations.
06/oct/2020;MIL-STD-881D;WORK BREAKDOWN STRUCTURES FOR DEFENSE MATERIEL ITEMS;This Standard presents direction for effectively preparing, understanding, and presenting a Work Breakdown Structure (WBS). It provides the framework for Department of Defense (DOD) Program Managers to define their program’s WBS and to defense contractors in their application and extension of the Program and contract’s WBS to report additional details associated with their agreements with Government Program Managers. Section 1 defines and describes the WBS. Section 2 provides instructions on how the WBS is applied as well as how to develop a Program WBS in the pre-award timeframe (i.e., before a contract or government performed effort has begun). Section 3 provides direction for developing and implementing a Contract WBS and Section 4 examines the role of the WBS in the post-award timeframe. Throughout this standard, the word “contract” and “defense contractor” is used to refer to both literal contracts with private industry but also refers to agreements between a Program Office and other government organizations (e.g., test sites, depots, labs, federally funded research and development centers (FFRDC)). This Standard also provides WBS definitions for specific defense materiel commodity systems in Appendices A through J. Appendix K addresses WBS elements that are common to all systems, as well as those which use unique elements (e.g., Space Systems, Information Systems/Defense Business Systems, Launch Systems, and Strategic Missile Systems). Appendix L presents for the Cost Assessment and Program Evaluation (CAPE) Sustainment Cost Estimating Structure (CES) and its associated definitions for informational purposes. The purpose of providing sustainment information is to present an explanation of transitioning from reporting using a WBS to reporting sustainment costs using the CES, regardless of acquisition phase or type of funds used.
11/may/2012;MIL-STD-882E;STANDARD PRACTICE SYSTEM SAFETY;This Standard covers hazards as they apply to systems / products / equipment / infrastructure (including both hardware and software) throughout design, development, test, production, use, and disposal.
31/ene/2003;MMPDS-01;METALLIC MATERIALS PROPERTIES DEVELOPMENT AND STANDARDIZATION;MMPDS-01, METALLIC MATERIALS PROPERTIES DEVELOPMENT AND STANDARDIZATION (MMPDS) (31 JAN 2003) [SUPERSEDES MIL-HDBK-5J] [71 MB DOWNLOAD]., MMPDS, "Metallic Materials Properties Development and Standardization (MMPDS)," issued by the Federal Aviation Administration, was adopted on 18 January 2007 for use by the Department of Defense (DoD). The Metallic Material Properties Development and Standardization (MMPDS) Handbook is a suitable replacement for MIL-HDBK-5, which was canceled on 5 May 2004. However, users are cautioned to evaluate the MMPDS Handbook for their particular application before using it as a replacement document. It is recognized internationally as a reliable source of aircraft materials data for aerospace materials selection and analysis. Consistent and reliable methods are used to collect, analyze, and present statistically based material and fastener allowable properties. The Handbook is the only publicly available source in the U.S. for material allowables that the Federal Avaiation Administration generally accepts for compliance with Federal Aviation Regulations (FAR) for material strength properties and design values for aircraft certification and continued airworthiness. Moreover, it is the only publicly available source worldwide for fastener joint allowables that comply with the FARs. This edition, MMPDS-01, incorporates the additions and changes to aircraft metallic material design properties and analysis guidelines approved at the 1st and 2nd MMPDS government/industry coordination meetings. This year, 2003, marks the first year of publication of the MMPDS Handbook and the final year of publication of MIL-HDBK-5. For this year only, MMPDS-01 and MIL-HDBK-5J will be technically equivalent. In the spring of 2004, when the 1st Change Notice of MMPDS-01 is published, MIL-HDBK-5 will be designated noncurrent and MMPDS will become the only government recognized source in the U.S. of published design allowable properties for metallic commercial and military aircraft structures and mechanically fastened joints. In this way, the 65-year legacy of MIL-HDBK-5, and its predecessor ANC-5, will be maintained.
01/ago/2002;NASA FTA 1-1;Fault Tree Handbook with Aerospace Applications;This handbook is an update of the original Fault Tree Handbook published in 1981. It is written for the informed reader who has some knowledge of system analysis and has knowledge of basic mathematics. This handbook is intended for system analysts, system engineers, and managers. No previous knowledge or training in statistics, reliability, or risk analysis is assumed. Basic concepts of statistical analysis, reliability analysis, and risk analysis are presented in relevant chapters and in the appendices. The first part of the handbook describes the concepts, steps, tools, and uses of fault tree analysis (FTA). FTA is a deductive, failure-based approach. As a deductive approach, FTA starts with an undesired event, such as failure of a main engine, and then determines (deduces) its causes using a systematic, backward-stepping process. The second part of the handbook contains examples of the application of FTA in studies that have been previously performed. The focus is on aerospace applications
05/oct/2017;NASA-STD-5005D;STANDARD FOR THE DESIGN AND FABRICATION OF GROUND SUPPORT EQUIPMENT;This Standard establishes minimum requirements and engineering best practices for design and development of ground systems and equipment intended for use in preparing space flight systems for flight after acceptance by the Government. This Standard does not apply to facilities or equipment used in the manufacturing of space flight systems. 
12/dic/2007;NTC-ISO-2859-1;PROCEDIMIENTOS DE MUESTREO PARA INSPECCIÓN POR ATRIBUTOS PARTE 10: INTRODUCCIÓN A LA SERIE DE NORMAS NTC-ISO 2859 SOBRE EL MUESTREO PARA INSPECCIÓN POR ATRIBUTOS;La NTC-ISO 2859-2 suministra los planes de muestreo que se aplican cuando se van a tomar muestras de lotes individuales o aislados. Los planes de muestreo son, en muchos casos, idénticos a aquellos de la NTC-ISO 2859-1. Todas las tablas de los planes de muestreo de la NTC-ISO 2859-2 incluyen información relacionada con el nivel de calidad que se requiere para garantizar una alta probabilidad de aceptación del lote. 
07/dic/2022;RACAE 021;Certificación de productos aeronáuticos y reconocimiento organizaciones de diseño y producción;El contenido de este reglamento fue estructurado con base a regulaciones de aeronavegabilidad civiles y militares internacionalmente reconocidas, está dirigido a los EAE, academia y la industria aeronáutica colombiana que diseñe y/o fabrique productos aeronáuticos para los EAE, en cuanto a: (1) Derechos y obligaciones del solicitante, titulares de cualquier certificado o documento equivalente emitido de conformidad con este RACAE. (2) Requisitos para la emisión, validación, aceptación o enmienda de cualquier certificado o documento equivalente emitido de conformidad con este RACAE. Nota.- Los costos asociados a los procesos de certificación relacionados en esta sección y el sostenimiento de la certificación, estarán a cargo del solicitante o titular, según corresponda.
14/dic/2023;RACAE 043;Mantenimiento;En ningún caso, los criterios mínimos y normativas presentes serán limitantes para la planeación y desarrollo de operaciones de defensa y seguridad nacional, cuando las condiciones así lo exijan. El Comandante o Director de cada EAE, debe determinar la responsabilidad y delegación en la toma de decisiones en este aspecto. (d) El contenido del presente RACAE, está dirigido a los EAE, para que establezcan de forma autónoma y responsable, la planificación, ejecución y control del mantenimiento en sus diferentes niveles y capacidades.
08/oct/2020;RACAE 145;Organizaciones de mantenimiento aprobadas;Se establece que un EAE, no debe operar un producto aeronáutico a menos que una Organización de Mantenimiento Aprobada (OMA) u otra organización que funcione como un sistema equivalente, haya realizado el mantenimiento para que entre en servicio, cualquiera de esas alternativas debe ser previamente aprobada por el OCA del EAE. De igual manera, ninguna OMA, puede operar sin contar con la respectiva certificación emitida por el OCA.
12/dic/2018;RACAE FAC-AE-00;Reglamento Aeronáutico Colombiano para Aviación de Estado (RACAE), Quinta Parte: Operaciones Aéreas, Capitulo 20: Operación de Sistemas de Aeronaves Remotamente Tripuladas (SIART);Sistema de calidad revisión y concertación por parte de expertos técnicos de las aviaciones de estado (EJC, ARC, FAC y PONAL), quienes, mediante la revisión en mesas de trabajo de cada uno de los capítulos que se presentan a continuación, consolidaron la información que hace parte de este reglamento.
20/nov/2014;SAE EIA-649-1;Configuration Management Requirements For Defense Contracts;This document applies to hardware and software and provides CM requirements to be placed on contracts after being tailored by the Acquirer. The requirements have been organized by the following five CM functions: Configuration Planning and Management, Identification, Change Management, Status Accounting, Verification and Audit.
18/jun/2020;STANAG 3733;LASER PULSE REPETITION FREQUENCIES (PRF) AND CHARACTERISTICS OF LASER DESIGNATORS AND MARKERS;The aim of this agreement is to provide criteria for the categorization of laser designator systems in order to correctly select a designator to perform a particular mission with an available weapon. GBU
01/nov/2018;STANAG 4241;BULLET IMPACT MUNITION TEST PROCEDURES;The aim of this Standard is to specify the test requirements and procedures to provide evidence of the reaction of munitions and weapon systems to the threats represented from being struck by small arms projectile(s). 
28/nov/2019;STANAG 4370;ENVIRONMENTAL TESTING;The aim of this agreement is to give guidelines on the management of environmental testing of defense material and to standardize environmental testing processes.
01/mar/2020;STANAG 4382;SLOW HEATING TEST PROCEDURES FOR MUNITIONS;The aim of this Agreement is to provide a standard test procedure for assessing the response of a munition when subjected to a heat source that slowly heats a nearby or adjacent storage hold (magazine), such as on a ship, in a depot or on a railcar.
01/dic/2020;STANAG 4396;SYMPATHETIC REACTION TEST PROCEDURES FOR MUNITIONS;The aim of this AOP is to specify the test requirements and procedures to provide evidence of the potential for munitions or weapon systems to sympathetically react to the worst-case credible reaction of an adjacent munition or weapon system. 
01/mar/2019;STANAG 4496;FRAGMENT IMPACT TEST PROCEDURES FOR MUNITIONS;The aim of this Standard is to specify the test requirements and procedures to provide evidence of the reaction of munitions and weapon systems to the threats represented from being struck by a fragment.
08/oct/2001;STANAG 4518;SAFE DISPOSAL OF MUNITIONS, DESIGN PRINCIPLES AND REQUIREMENTS, AND SAFETY ASSESSMENT;The aim of this agreement is to standardise design safety principles, design safety requirements and the assessment process for the safe disposal of munitions.
01/nov/2018;STANAG 4526;SHAPED CHARGE JET MUNITION TEST PROCEDURE;The aim of this Standard is to specify the test requirements and procedures to provide evidence of the reaction of munitions and weapon systems to the threats represented from being struck by a shaped charge weapon.
03/sep/2009;STANAG 4671;UAV SYSTEMS AIRWORTHINESS REQUIREMENTS;The aim of this agreement is to establish a baseline set of airworthiness standards in relation to the design and construction of military UAVs. With a maximum take-off mass of 150 kilograms to 20000 kilograms
24/oct/2023;STANAG 4703;LIGHT UNMANNED AIRCRAFT SYSTEMS AIRWORTHINESS REQUIREMENTS – AEP-83 EDITION C;This document contains the minimum set of technical airworthiness requirements intended for the airworthiness certification of fixed-wing Light UAS with a maximum take-off weight not greater than 150 kg and an impact energy1 greater than 66 J (49 ft-lb) that intend to regularly operate in non-segregated airspace. The lower limit is established according to available blunt trauma studies showing that below this level it is reasonably expected that a fatal injury should not occur if the UA strikes an unprotected person. It is recognized that 66 J is a conservative value based on current research that will be reviewed after further investigation. For UA below the 66J impact energy threshold, it is reasonable that a number of requirements can be relaxed. Specific airworthiness requirements must be approved by the Certifying Authority on a case-by-case basis. Annex J of this document provides applicable guidelines, that are not limited to fixed wing aspects
16/jun/2017;STANAG 4737;UAS WEAPONS INTEGRATION - AEP-82 EDITION A GUIDELINES FOR THE INTEGRATION OF WEAPONS ON UNMANNED PLATFORMS;This document: a. Reviews Weapon System Architecture and concepts for armed manned aircraft, b. Identifies the functional and organizational structure of a joint, coalition force employing armed manned aircraft in support of various missions NATO UNCLASSIFIED AEP-82.1 1-3 Edition A Version 1 NATO UNCLASSIFIED and the associated operational doctrine as specified in the applicable Allied Joint Publications (AJPs), c. Identifies the expected impacts of using armed UAS in support of the joint coalition missions in lieu of and/or in conjunction with armed manned aircraft, including impacts on current operational doctrine, and d. Provides information on weapon integration on and operations of manned platforms which can be useful to the integration of similar weapons on unmanned platforms
PDTE;STANAG 4746;LIGHT ROTARY WING UAS SYSTEMS AIRWORTHINESS REQUIREMENTS (USAR-RW-LIGHT) AEP-89;EN ESTUDIO, SIN PUBLICAR a 16feb26
